Hugo_Symbol	Entrez_Gene_Id	Center	NCBI_Build	Chromosome	Start_Position	End_Position	Strand	Consequence	Variant_Classification	Variant_Type	Reference_Allele	Tumor_Seq_Allele1	Tumor_Seq_Allele2	dbSNP_RS	dbSNP_Val_Status	Tumor_Sample_Barcode	Matched_Norm_Sample_Barcode	Match_Norm_Seq_Allele1	Match_Norm_Seq_Allele2	Tumor_Validation_Allele1	Tumor_Validation_Allele2	Match_Norm_Validation_Allele1	Match_Norm_Validation_Allele2	Verification_Status	Validation_Status	Mutation_Status	Sequencing_Phase	Sequence_Source	Validation_Method	Score	BAM_File	Sequencer	t_ref_count	t_alt_count	n_ref_count	n_alt_count	HGVSc	HGVSp	HGVSp_Short	Transcript_ID	RefSeq	Protein_position	Codons	Exon_Number	gnomAD_AF	gnomAD_AFR_AF	gnomAD_AMR_AF	gnomAD_ASJ_AF	gnomAD_EAS_AF	gnomAD_FIN_AF	gnomAD_NFE_AF	gnomAD_OTH_AF	gnomAD_SAS_AF	FILTER	Polyphen_Prediction	Polyphen_Score	SIFT_Prediction	SIFT_Score	SWISSPROT	n_depth	t_depth	Annotation_Status	mutationInCis_Flag	ONCOTREE_CODE	ANNOTATED	GENE_IN_ONCOKB	VARIANT_IN_ONCOKB	MUTATION_EFFECT	MUTATION_EFFECT_CITATIONS	ONCOGENIC	LEVEL_1	LEVEL_2	LEVEL_3A	LEVEL_3B	LEVEL_4	LEVEL_R1	LEVEL_R2	HIGHEST_LEVEL	HIGHEST_SENSITIVE_LEVEL	HIGHEST_RESISTANCE_LEVEL	TX_CITATIONS	LEVEL_Dx1	LEVEL_Dx2	LEVEL_Dx3	HIGHEST_DX_LEVEL	DX_CITATIONS	LEVEL_Px1	LEVEL_Px2	LEVEL_Px3	HIGHEST_PX_LEVEL	PX_CITATIONS	Hotspot_Type	Q_Value	Samples	Tumor_Types	In_Hotspot	UNIPROT_ACCESSION	DOMAIN_NAME	DESCRIPTION	IN_DOMAIN	FEATURE_TYPE	FUNC_SITE_DESC	IN_FUNC_SITE	Germline_Proximity	MaveDB_score	MaveDB_urn	MaveDB_nt	MaveDB_pro	experiment_set	experiment	score_set
KRAS	3845.0	JHU	GRCh37	12	25398285	25398285	+	missense_variant	Missense_Mutation	SNP	C		A	rs121913530		GENIE-JHU-00006-00185								Unknown		Somatic							1247.0	376.0			ENST00000256078.4:c.34G>T	p.Gly12Cys	p.G12C	ENST00000256078	NM_033360.2	12.0	Ggt/Tgt		0.0	0.0	0.0	0.0	0.0	0.0	0.0	0.0	0.0	PASS	probably_damaging	0.991	deleterious	0.04			1623.0	SUCCESS	False	LUAD	True	True	True	Gain-of-function	25705018;38096473;24256730;28572459;16051643;32792368;26841430;Fakih et al. Abstract# 3003, ASCO 2019.(https://meetinglibrary.asco.org/record/172411/abstract)	Oncogenic	Sotorasib,Adagrasib			Adagrasib+Cetuximab,Adagrasib+Panitumumab,Avutometinib+Defactinib,Sotorasib+Cetuximab,Sotorasib+Panitumumab	Trametinib,Cobimetinib,Binimetinib			LEVEL_1	LEVEL_1		38157806;34096690;32955176;37098232;36764316;35658005;Gadgeel, S. et al., Abstract# MA06.04, Journal of Thoracic Oncology Vol. 18.(https://www.jto.org/article/S1556-0864%2823%2900954-1/fulltext);38587856;37870968;36546659;38177853;40644648;33933896;25435214;24746704;23934108											single residue	0.0	2175.0	pancreas:745|lung:570|bowel:500|uterus:84|unk:42|stomach:40|bladder:36|ovary:25|biliary_tract:21|testis:19|breast:15|cervix:15|blood:13|ampulla_of_vater:10|soft_tissue:8|brain:6|kidney:5|prostate:4|skin:4|head_neck:3|thyroid:3|lymph:2|thymus:2|bone:1|liver:1|vulva:1	True	P01116	Ras	Ras family	True	Binding site		True	0.0	0.33565634	urn:mavedb:00000115-a-7		p.Gly12Cys	115.0	a	7.0
TP53	7157.0	JHU	GRCh37	17	7577120	7577120	+	missense_variant	Missense_Mutation	SNP	C		T	rs28934576		GENIE-JHU-00006-00185								Unknown		Somatic							820.0	110.0			ENST00000269305.4:c.818G>A	p.Arg273His	p.R273H	ENST00000269305	NM_001126112.2	273.0	cGt/cAt		1.59328e-05	0.0	0.0	9.92851e-05	0.0	0.0	2.64271e-05	0.0	0.0	PASS	possibly_damaging	0.643	tolerated	0.13			930.0	SUCCESS	False	LUAD	True	True	True	Loss-of-function	31776133;25584008;26181206;15037740	Oncogenic																						single residue	0.0	609.0	brain:113|bowel:105|lung:78|stomach:74|breast:43|ovary:37|uterus:30|head_neck:29|pancreas:27|prostate:18|bladder:11|kidney:7|unk:6|blood:5|soft_tissue:5|biliary_tract:4|bone:3|liver:3|lymph:3|thyroid:3|skin:2|adrenal_gland:1|ampulla_of_vater:1|thymus:1	True	P04637	P53	P53 DNA-binding domain	True	Region	Interaction with AXIN1;Interaction with CCAR2;Interaction with DNA;Interaction with E4F1;Interaction with HIPK1;Required for interaction with ZNF385A	True	1.0	1.1455008200687682	urn:mavedb:00000068-a-1		p.Arg273His	68.0	a	1.0
KRAS	3845.0	JHU	GRCh37	12	25398282	25398282	+	missense_variant	Missense_Mutation	SNP	C		A	rs121913535		GENIE-JHU-00024-00426								Unknown		Somatic							2387.0	373.0			ENST00000256078.4:c.37G>T	p.Gly13Cys	p.G13C	ENST00000256078	NM_033360.2	13.0	Ggc/Tgc		0.0	0.0	0.0	0.0	0.0	0.0	0.0	0.0	0.0	PASS	probably_damaging	0.997	deleterious	0.02			2760.0	SUCCESS	False	LUAD	True	True	True	Gain-of-function	28572459;21079152;25705018	Oncogenic				Avutometinib+Defactinib	Trametinib,Cobimetinib,Binimetinib			LEVEL_3B	LEVEL_3B		40644648;33933896;25435214;24746704;23934108											single residue	0.0	264.0	bowel:130|lung:57|stomach:17|blood:12|uterus:12|pancreas:7|unk:5|biliary_tract:4|cervix:4|bladder:3|lymph:3|skin:2|soft_tissue:2|ampulla_of_vater:1|brain:1|breast:1|liver:1|ovary:1|testis:1	True	P01116	Ras	Ras family	True	Binding site		True	1.0	0.3084031	urn:mavedb:00000115-a-7		p.Gly13Cys	115.0	a	7.0
KRAS	3845.0	JHU	GRCh37	12	25398284	25398284	+	missense_variant	Missense_Mutation	SNP	C		A	rs121913529		GENIE-JHU-00026-01223								Unknown		Somatic							2046.0	397.0			ENST00000256078.4:c.35G>T	p.Gly12Val	p.G12V	ENST00000256078	NM_033360.2	12.0	gGt/gTt		0.0	0.0	0.0	0.0	0.0	0.0	0.0	0.0	0.0	PASS	probably_damaging	0.972	deleterious	0.0			2443.0	SUCCESS	False	COADREAD	True	True	True	Gain-of-function	20516123;20949621;30341394;28572459;25359494;20570890;12957286;20147967	Oncogenic				Avutometinib+Defactinib	Daraxonrasib,Trametinib,Cobimetinib,Binimetinib			LEVEL_R1	LEVEL_3B		20921465;21228335;20619739;24024839;18316791;30857956;40644648;Koltun et al. Abstract# 3597, AACR 2022.(https://aacrjournals.org/cancerres/article/82/12_Supplement/3597/702320);Singh et al. Abstract  # 3597, AACR 2022.(https://s3.us-west-2.amazonaws.com/rvmdpubs.revmed.com/2022/AACR_2022_Singh.pdf);33933896;25435214;24746704;23934108											single residue	0.0	2175.0	pancreas:745|lung:570|bowel:500|uterus:84|unk:42|stomach:40|bladder:36|ovary:25|biliary_tract:21|testis:19|breast:15|cervix:15|blood:13|ampulla_of_vater:10|soft_tissue:8|brain:6|kidney:5|prostate:4|skin:4|head_neck:3|thyroid:3|lymph:2|thymus:2|bone:1|liver:1|vulva:1	True	P01116	Ras	Ras family	True	Binding site		True	0.0	0.41398332	urn:mavedb:00000115-a-7		p.Gly12Val	115.0	a	7.0
KRAS	3845.0	JHU	GRCh37	12	25398284	25398284	+	missense_variant	Missense_Mutation	SNP	C		T	rs121913529		GENIE-JHU-00032-00469								Unknown		Somatic							1536.0	651.0			ENST00000256078.4:c.35G>A	p.Gly12Asp	p.G12D	ENST00000256078	NM_033360.2	12.0	gGt/gAt		4.01078e-06	0.0	0.0	0.0	0.0	0.0	8.8832e-06	0.0	0.0	PASS	benign	0.303	deleterious	0.0			2187.0	SUCCESS	False	COADREAD	True	True	True	Gain-of-function	17349581;19296721;11751631;15093544;30341394;28572459;20570890;32792368;20147967;Nagashima et al. Abstract# 5735, AACR 2023.(https://aacrjournals.org/cancerres/article/83/7_Supplement/5735/722276)	Oncogenic				Avutometinib+Defactinib	Daraxonrasib,MRTX-1133,Trametinib,ASP3082,Cobimetinib,Binimetinib			LEVEL_R1	LEVEL_3B		20921465;21228335;20619739;24024839;18316791;30857956;40644648;Koltun et al. Abstract# 3597, AACR 2022.(https://aacrjournals.org/cancerres/article/82/12_Supplement/3597/702320);Singh et al. Abstract  # 3597, AACR 2022.(https://s3.us-west-2.amazonaws.com/rvmdpubs.revmed.com/2022/AACR_2022_Singh.pdf);36472553;33933896;25435214;24746704;23934108;Nagashima et al. Abstract# 5735, AACR 2023.(https://aacrjournals.org/cancerres/article/83/7_Supplement/5735/722276)											single residue	0.0	2175.0	pancreas:745|lung:570|bowel:500|uterus:84|unk:42|stomach:40|bladder:36|ovary:25|biliary_tract:21|testis:19|breast:15|cervix:15|blood:13|ampulla_of_vater:10|soft_tissue:8|brain:6|kidney:5|prostate:4|skin:4|head_neck:3|thyroid:3|lymph:2|thymus:2|bone:1|liver:1|vulva:1	True	P01116	Ras	Ras family	True	Binding site		True	0.0	0.23077428	urn:mavedb:00000115-a-7		p.Gly12Asp	115.0	a	7.0
TP53	7157.0	JHU	GRCh37	17	7578206	7578206	+	missense_variant	Missense_Mutation	SNP	T		C	rs886039484		GENIE-JHU-00084-00866								Unknown		Somatic							766.0	340.0			ENST00000269305.4:c.643A>G	p.Ser215Gly	p.S215G	ENST00000269305	NM_001126112.2	215.0	Agt/Ggt											PASS	probably_damaging	1.0	deleterious	0.01			1106.0	SUCCESS	False	LUAD	True	True	True	Loss-of-function	26619011;17724467;22862161;8023157;11900253	Oncogenic																						single residue	1.43787287066506e-36	50.0	lung:14|bowel:6|pancreas:5|prostate:4|stomach:4|liver:3|brain:2|breast:2|ovary:2|uterus:2|bladder:1|blood:1|head_neck:1|kidney:1|soft_tissue:1|thyroid:1	True	P04637	P53	P53 DNA-binding domain	True	Region	Interaction with AXIN1;Interaction with CCAR2;Interaction with HIPK1;Required for interaction with FBXO42;Required for interaction with ZNF385A	True	2.0	1.4681237550323951	urn:mavedb:00000068-a-1		p.Ser215Gly	68.0	a	1.0
TP53	7157.0	JHU	GRCh37	17	7578190	7578190	+	missense_variant	Missense_Mutation	SNP	T		C	rs121912666		GENIE-JHU-00107-00329								Unknown		Somatic							2608.0	1218.0			ENST00000269305.4:c.659A>G	p.Tyr220Cys	p.Y220C	ENST00000269305	NM_001126112.2	220.0	tAt/tGt		7.9552e-06	0.0	0.0	0.0	0.0	0.0	1.75877e-05	0.0	0.0	PASS	probably_damaging	0.998	deleterious	0.0			3826.0	SUCCESS	False	COADREAD	True	True	True	Loss-of-function	23315175;15037740;23630318	Oncogenic			Rezatapopt					LEVEL_3A	LEVEL_3A		Schram et al. Abstract# LB_A25, AACR 2023.(https://aacrjournals.org/mct/article/22/12_Supplement/LB_A25/730549/Abstract-LB-A25-Updated-Phase-1-results-from-the);Dumbrava et al. Abstract# 3003, ASCO 2022.(https://ascopubs.org/doi/abs/10.1200/JCO.2022.40.16_suppl.3003);Schram et al. Abstract# LBA_26, SGO 2024.(https://www.gynecologiconcology-online.net/article/S0090-8258(24)00453-0/fulltext);Dumble et al. Abstract# LB006, AACR 2021.(https://aacrjournals.org/cancerres/article/81/13_Supplement/LB006/669897/Abstract-LB006-PC14586-The-first-orally)											single residue	4.53756860311655e-208	152.0	brain:22|lung:20|ovary:20|breast:18|head_neck:12|pancreas:11|stomach:11|bowel:7|liver:7|soft_tissue:6|uterus:6|prostate:4|bladder:3|kidney:2|unk:2|skin:1	True	P04637	P53	P53 DNA-binding domain	True	Region	Interaction with AXIN1;Interaction with CCAR2;Interaction with HIPK1;Required for interaction with FBXO42;Required for interaction with ZNF385A	True	7.0	1.5263833946091867	urn:mavedb:00000068-a-1		p.Tyr220Cys	68.0	a	1.0
TP53	7157.0	JHU	GRCh37	17	7578406	7578406	+	missense_variant	Missense_Mutation	SNP	C		T	rs28934578		GENIE-JHU-00112-00334								Unknown		Somatic							757.0	115.0			ENST00000269305.4:c.524G>A	p.Arg175His	p.R175H	ENST00000269305	NM_001126112.2	175.0	cGc/cAc		3.97969e-06	0.0	0.0	0.0	0.0	0.0	8.80282e-06	0.0	0.0	PASS	benign	0.319	tolerated	0.11			872.0	SUCCESS	False	COADREAD	True	True	True	Loss-of-function	25584008;15781620;10713666;21445056;31068365	Oncogenic																						single residue	0.0	416.0	bowel:108|stomach:63|pancreas:39|brain:33|breast:29|lung:28|head_neck:24|ovary:21|prostate:14|uterus:14|soft_tissue:12|bladder:11|biliary_tract:5|unk:4|kidney:2|skin:2|thyroid:2|adrenal_gland:1|blood:1|cervix:1|liver:1|lymph:1	True	P04637	P53	P53 DNA-binding domain	True	Region	Interaction with AXIN1;Interaction with CCAR2;Interaction with HIPK1;Required for interaction with FBXO42;Required for interaction with ZNF385A	True	1.0	1.791388107033267	urn:mavedb:00000068-a-1		p.Arg175His	68.0	a	1.0
KRAS	3845.0	JHU	GRCh37	12	25398281	25398281	+	missense_variant	Missense_Mutation	SNP	C		T	rs112445441		GENIE-JHU-00134-00319								Unknown		Somatic							2809.0	651.0			ENST00000256078.4:c.38G>A	p.Gly13Asp	p.G13D	ENST00000256078	NM_033360.2	13.0	gGc/gAc		0.0	0.0	0.0	0.0	0.0	0.0	0.0	0.0	0.0	PASS	benign	0.44	deleterious	0.04			3460.0	SUCCESS	False	LUAD	True	True	True	Gain-of-function	28572459;22722830;32792368;20147967;26037647	Oncogenic				Avutometinib+Defactinib	Trametinib,Cobimetinib,Binimetinib			LEVEL_3B	LEVEL_3B		40644648;33933896;25435214;24746704;23934108											single residue	0.0	264.0	bowel:130|lung:57|stomach:17|blood:12|uterus:12|pancreas:7|unk:5|biliary_tract:4|cervix:4|bladder:3|lymph:3|skin:2|soft_tissue:2|ampulla_of_vater:1|brain:1|breast:1|liver:1|ovary:1|testis:1	True	P01116	Ras	Ras family	True	Binding site		True	1.0	0.22506452	urn:mavedb:00000115-a-7		p.Gly13Asp	115.0	a	7.0
KRAS	3845.0	JHU	GRCh37	12	25398285	25398285	+	missense_variant	Missense_Mutation	SNP	C		T	rs121913530		GENIE-JHU-00146-00327								Unknown		Somatic							1256.0	1591.0			ENST00000256078.4:c.34G>A	p.Gly12Ser	p.G12S	ENST00000256078	NM_033360.2	12.0	Ggt/Agt		0.0	0.0	0.0	0.0	0.0	0.0	0.0	0.0	0.0	PASS	possibly_damaging	0.582	deleterious	0.03			2847.0	SUCCESS	False	COADREAD	True	True	True	Gain-of-function	28572459;25284075;26184075	Oncogenic				Avutometinib+Defactinib	Daraxonrasib,Trametinib,Cobimetinib,Binimetinib			LEVEL_R1	LEVEL_3B		20921465;21228335;20619739;24024839;18316791;30857956;40644648;Koltun et al. Abstract# 3597, AACR 2022.(https://aacrjournals.org/cancerres/article/82/12_Supplement/3597/702320);Singh et al. Abstract  # 3597, AACR 2022.(https://s3.us-west-2.amazonaws.com/rvmdpubs.revmed.com/2022/AACR_2022_Singh.pdf);33933896;25435214;24746704;23934108											single residue	0.0	2175.0	pancreas:745|lung:570|bowel:500|uterus:84|unk:42|stomach:40|bladder:36|ovary:25|biliary_tract:21|testis:19|breast:15|cervix:15|blood:13|ampulla_of_vater:10|soft_tissue:8|brain:6|kidney:5|prostate:4|skin:4|head_neck:3|thyroid:3|lymph:2|thymus:2|bone:1|liver:1|vulva:1	True	P01116	Ras	Ras family	True	Binding site		True	0.0	0.39532286	urn:mavedb:00000115-a-7		p.Gly12Ser	115.0	a	7.0
PTEN	5728.0	JHU	GRCh37	10	89692905	89692905	+	missense_variant	Missense_Mutation	SNP	G		T	rs121909229		GENIE-JHU-00165-00354								Unknown		Somatic							601.0	337.0			ENST00000371953.3:c.389G>T	p.Arg130Leu	p.R130L	ENST00000371953	NM_000314.4	130.0	cGa/cTa											PASS	probably_damaging	0.999	deleterious	0.0			938.0	SUCCESS	False	UEC	True	True	True	Loss-of-function	32350270;10866302;9467011;32366478	Oncogenic				Capivasertib+Fulvestrant	GSK2636771,AZD8186			LEVEL_3B	LEVEL_3B		37256976;28645941;34281912;Hansen et al. Abstract# 2570, ASCO 2017.(http://ascopubs.org/doi/abs/10.1200/JCO.2017.35.15_suppl.2570)											single residue	1.9165879686530897e-210	168.0	uterus:83|brain:14|breast:14|bowel:13|lung:8|prostate:8|skin:5|cervix:4|head_neck:4|stomach:3|biliary_tract:2|kidney:2|ovary:2|soft_tissue:2|penis:1|pleura:1|thyroid:1|unk:1	True	P60484	Tc-R-P	Polymorphic toxin system, DSP-PTPase phosphatase	True			False	0.0	1.19384659313195	urn:mavedb:00000013-a-1		p.Arg130Leu	13.0	a	1.0
KRAS	3845.0	JHU	GRCh37	12	25380275	25380275	+	missense_variant	Missense_Mutation	SNP	T		A	rs17851045		GENIE-JHU-00174-00427								Unknown		Somatic							1169.0	364.0			ENST00000256078.4:c.183A>T	p.Gln61His	p.Q61H	ENST00000256078	NM_033360.2	61.0	caA/caT											PASS	benign	0.121	deleterious	0.0			1533.0	SUCCESS	False	LUAD	True	True	True	Gain-of-function	24651010;28572459;25705018;34117033;20147967;21993244	Oncogenic				Avutometinib+Defactinib	Trametinib,Cobimetinib,Binimetinib			LEVEL_3B	LEVEL_3B		40644648;33933896;25435214;24746704;23934108											single residue	0.0	190.0	pancreas:64|bowel:31|lung:28|blood:17|biliary_tract:8|thyroid:8|testis:6|bladder:5|stomach:5|prostate:4|uterus:4|skin:2|unk:2|ampulla_of_vater:1|brain:1|breast:1|liver:1|penis:1|soft_tissue:1	True	P01116	Ras	Ras family	True			False	1.0	0.3341736	urn:mavedb:00000115-a-7		p.Gln61His	115.0	a	7.0
KRAS	3845.0	JHU	GRCh37	12	25380275	25380275	+	missense_variant	Missense_Mutation	SNP	T		G	rs17851045		GENIE-JHU-00214-00410								Unknown		Somatic							894.0	282.0			ENST00000256078.4:c.183A>C	p.Gln61His	p.Q61H	ENST00000256078	NM_033360.2	61.0	caA/caC		3.97918e-06	0.0	0.0	9.92457e-05	0.0	0.0	0.0	0.0	0.0	PASS	benign	0.121	deleterious	0.0			1176.0	SUCCESS	False	LUAD	True	True	True	Gain-of-function	24651010;28572459;25705018;34117033;20147967;21993244	Oncogenic				Avutometinib+Defactinib	Trametinib,Cobimetinib,Binimetinib			LEVEL_3B	LEVEL_3B		40644648;33933896;25435214;24746704;23934108											single residue	0.0	190.0	pancreas:64|bowel:31|lung:28|blood:17|biliary_tract:8|thyroid:8|testis:6|bladder:5|stomach:5|prostate:4|uterus:4|skin:2|unk:2|ampulla_of_vater:1|brain:1|breast:1|liver:1|penis:1|soft_tissue:1	True	P01116	Ras	Ras family	True			False	1.0	0.3341736	urn:mavedb:00000115-a-7		p.Gln61His	115.0	a	7.0
KRAS	3845.0	JHU	GRCh37	12	25380276	25380276	+	missense_variant	Missense_Mutation	SNP	T		A	rs121913240		GENIE-JHU-00221-00403								Unknown		Somatic							5002.0	7305.0			ENST00000256078.4:c.182A>T	p.Gln61Leu	p.Q61L	ENST00000256078	NM_033360.2	61.0	cAa/cTa											PASS	possibly_damaging	0.631	deleterious	0.0			12307.0	SUCCESS	False	COADREAD	True	True	True	Gain-of-function	25437878;28572459;26854029	Oncogenic				Avutometinib+Defactinib	Trametinib,Cobimetinib,Binimetinib			LEVEL_R1	LEVEL_3B		20921465;21228335;20619739;24024839;18316791;30857956;40644648;33933896;25435214;24746704;23934108											single residue	0.0	190.0	pancreas:64|bowel:31|lung:28|blood:17|biliary_tract:8|thyroid:8|testis:6|bladder:5|stomach:5|prostate:4|uterus:4|skin:2|unk:2|ampulla_of_vater:1|brain:1|breast:1|liver:1|penis:1|soft_tissue:1	True	P01116	Ras	Ras family	True			False	1.0	0.24016562	urn:mavedb:00000115-a-7		p.Gln61Leu	115.0	a	7.0
TP53	7157.0	JHU	GRCh37	17	7577548	7577548	+	missense_variant	Missense_Mutation	SNP	C		T	rs28934575		GENIE-JHU-00327-00527								Unknown		Somatic							508.0	745.0			ENST00000269305.4:c.733G>A	p.Gly245Ser	p.G245S	ENST00000269305	NM_001126112.2	245.0	Ggc/Agc		0.0	0.0	0.0	0.0	0.0	0.0	0.0	0.0	0.0	PASS	probably_damaging	0.998	deleterious	0.0			1253.0	SUCCESS	False	COADREAD	True	True	True	Loss-of-function	2358418;15037740	Oncogenic																						single residue	8.547227194685859e-208	242.0	bowel:49|lung:40|stomach:25|head_neck:19|brain:17|ovary:15|pancreas:15|prostate:14|breast:13|bladder:9|uterus:7|skin:4|kidney:3|liver:3|biliary_tract:2|soft_tissue:2|ampulla_of_vater:1|bone:1|cervix:1|lymph:1|thyroid:1	True	P04637	P53	P53 DNA-binding domain	True	Region	Interaction with AXIN1;Interaction with CCAR2;Interaction with HIPK1;Interaction with the 53BP2 SH3 domain;Required for interaction with ZNF385A	True	0.0	1.1463838770478425	urn:mavedb:00000068-a-1		p.Gly245Ser	68.0	a	1.0
KRAS	3845.0	JHU	GRCh37	12	25398284	25398284	+	missense_variant	Missense_Mutation	SNP	C		G	rs121913529		GENIE-JHU-00333-00538								Unknown		Somatic							1967.0	170.0			ENST00000256078.4:c.35G>C	p.Gly12Ala	p.G12A	ENST00000256078	NM_033360.2	12.0	gGt/gCt		0.0	0.0	0.0	0.0	0.0	0.0	0.0	0.0	0.0	PASS	possibly_damaging	0.723	deleterious	0.02			2137.0	SUCCESS	False	LUAD	True	True	True	Gain-of-function	30341394;26662311;26037647;23182985	Oncogenic			Daraxonrasib	Avutometinib+Defactinib	Trametinib,Cobimetinib,Binimetinib			LEVEL_3A	LEVEL_3A		38593348;Koltun et al. Abstract# 3597, AACR 2022.(https://aacrjournals.org/cancerres/article/82/12_Supplement/3597/702320);Arbour, KC. et al., Abstract#6520, Annals of Oncol., 2023.(https://www.annalsofoncology.org/article/S0923-7534%2823%2902675-3/fulltext);Singh et al. Abstract  # 3597, AACR 2022.(https://s3.us-west-2.amazonaws.com/rvmdpubs.revmed.com/2022/AACR_2022_Singh.pdf);40644648;33933896;25435214;24746704;23934108											single residue	0.0	2175.0	pancreas:745|lung:570|bowel:500|uterus:84|unk:42|stomach:40|bladder:36|ovary:25|biliary_tract:21|testis:19|breast:15|cervix:15|blood:13|ampulla_of_vater:10|soft_tissue:8|brain:6|kidney:5|prostate:4|skin:4|head_neck:3|thyroid:3|lymph:2|thymus:2|bone:1|liver:1|vulva:1	True	P01116	Ras	Ras family	True	Binding site		True	0.0	0.31809312	urn:mavedb:00000115-a-7		p.Gly12Ala	115.0	a	7.0
PTEN	5728.0	JHU	GRCh37	10	89720822	89720822	+	missense_variant	Missense_Mutation	SNP	C		T			GENIE-JHU-00402-00620								Unknown		Somatic							2423.0	95.0			ENST00000371953.3:c.973C>T	p.Leu325Phe	p.L325F	ENST00000371953	NM_000314.4	325.0	Ctt/Ttt											PASS	possibly_damaging	0.798	deleterious	0.01			2518.0	SUCCESS	False	LUAD	True	True	True	Loss-of-function	19329485;25695224	Oncogenic				Capivasertib+Fulvestrant	GSK2636771,AZD8186			LEVEL_3B	LEVEL_3B		37256976;28645941;34281912;Hansen et al. Abstract# 2570, ASCO 2017.(http://ascopubs.org/doi/abs/10.1200/JCO.2017.35.15_suppl.2570)															False	P60484	PTEN_C2	C2 domain of PTEN tumour-suppressor protein	True			False	1.0	0.3779497910029041	urn:mavedb:00000013-a-1		p.Leu325Phe	13.0	a	1.0
KRAS	3845.0	JHU	GRCh37	12	25398285	25398285	+	missense_variant	Missense_Mutation	SNP	C		G	rs121913530		GENIE-JHU-00448-00062								Unknown		Somatic							2206.0	293.0			ENST00000256078.4:c.34G>C	p.Gly12Arg	p.G12R	ENST00000256078	NM_033360.2	12.0	Ggt/Cgt		0.0	0.0	0.0	0.0	0.0	0.0	0.0	0.0	0.0	PASS	possibly_damaging	0.497	deleterious	0.03			2499.0	SUCCESS	False	LUAD	True	True	True	Gain-of-function	30341394;28572459;22722830;32792368	Oncogenic			Daraxonrasib	Avutometinib+Defactinib	Trametinib,Cobimetinib,Binimetinib			LEVEL_3A	LEVEL_3A		38593348;Koltun et al. Abstract# 3597, AACR 2022.(https://aacrjournals.org/cancerres/article/82/12_Supplement/3597/702320);Arbour, KC. et al., Abstract#6520, Annals of Oncol., 2023.(https://www.annalsofoncology.org/article/S0923-7534%2823%2902675-3/fulltext);Singh et al. Abstract  # 3597, AACR 2022.(https://s3.us-west-2.amazonaws.com/rvmdpubs.revmed.com/2022/AACR_2022_Singh.pdf);40644648;33933896;25435214;24746704;23934108											single residue	0.0	2175.0	pancreas:745|lung:570|bowel:500|uterus:84|unk:42|stomach:40|bladder:36|ovary:25|biliary_tract:21|testis:19|breast:15|cervix:15|blood:13|ampulla_of_vater:10|soft_tissue:8|brain:6|kidney:5|prostate:4|skin:4|head_neck:3|thyroid:3|lymph:2|thymus:2|bone:1|liver:1|vulva:1	True	P01116	Ras	Ras family	True	Binding site		True	0.0	0.3982985	urn:mavedb:00000115-a-7		p.Gly12Arg	115.0	a	7.0
KRAS	3845.0	JHU	GRCh37	12	25380276	25380276	+	missense_variant	Missense_Mutation	SNP	T		C	rs121913240		GENIE-JHU-00476-00041								Unknown		Somatic							1529.0	1643.0			ENST00000256078.4:c.182A>G	p.Gln61Arg	p.Q61R	ENST00000256078	NM_033360.2	61.0	cAa/cGa											PASS	benign	0.122	tolerated	0.06			3172.0	SUCCESS	False	MEL	True	True	True	Gain-of-function	30341394;28572459;34117033;25437878	Oncogenic				Avutometinib+Defactinib	Trametinib,Cobimetinib,Binimetinib			LEVEL_3B	LEVEL_3B		40644648;33933896;25435214;24746704;23934108											single residue	0.0	190.0	pancreas:64|bowel:31|lung:28|blood:17|biliary_tract:8|thyroid:8|testis:6|bladder:5|stomach:5|prostate:4|uterus:4|skin:2|unk:2|ampulla_of_vater:1|brain:1|breast:1|liver:1|penis:1|soft_tissue:1	True	P01116	Ras	Ras family	True			False	1.0	0.34578124	urn:mavedb:00000115-a-7		p.Gln61Arg	115.0	a	7.0
KRAS	3845.0	JHU	GRCh37	12	25380283	25380283	+	missense_variant	Missense_Mutation	SNP	C		T	rs121913528		GENIE-JHU-00526-00077								Unknown		Somatic							2608.0	1292.0			ENST00000256078.4:c.175G>A	p.Ala59Thr	p.A59T	ENST00000256078	NM_033360.2	59.0	Gca/Aca											PASS	possibly_damaging	0.692	tolerated	0.06			3900.0	SUCCESS	False	COADREAD	True	True	True	Gain-of-function	26619011;31816869;34117033	Oncogenic				Avutometinib+Defactinib	Trametinib,Cobimetinib,Binimetinib			LEVEL_R1	LEVEL_3B		20921465;21228335;20619739;24024839;18316791;30857956;40644648;33933896;25435214;24746704;23934108											single residue	3.18311796039066e-09	12.0	blood:3|lung:3|bowel:2|stomach:2|kidney:1|prostate:1	True	P01116	Ras	Ras family	True	Binding site		True	1.0	0.04341055	urn:mavedb:00000115-a-7		p.Ala59Thr	115.0	a	7.0
KRAS	3845.0	JHU	GRCh37	12	25398218	25398218	+	missense_variant	Missense_Mutation	SNP	G		A	rs104894366		GENIE-JHU-00592-00172								Unknown		Somatic							2696.0	635.0			ENST00000256078.4:c.101C>T	p.Pro34Leu	p.P34L	ENST00000256078	NM_033360.2	34.0	cCa/cTa											PASS	probably_damaging	1.0	deleterious	0.0			3331.0	SUCCESS	False	MEL	True	True	True	Gain-of-function	16474405;20949621	Oncogenic				Avutometinib+Defactinib	Trametinib,Cobimetinib,Binimetinib			LEVEL_3B	LEVEL_3B		40644648;33933896;25435214;24746704;23934108															False	P01116	Ras	Ras family	True	Binding site;Motif	Effector region	True	12.0	0.3435766	urn:mavedb:00000115-a-7		p.Pro34Leu	115.0	a	7.0
PTEN	5728.0	JHU	GRCh37	10	89692901	89692901	+	missense_variant	Missense_Mutation	SNP	G		A	rs786204929		GENIE-JHU-00624-00673								Unknown		Somatic							15445.0	4648.0			ENST00000371953.3:c.385G>A	p.Gly129Arg	p.G129R	ENST00000371953	NM_000314.4	129.0	Gga/Aga											PASS	probably_damaging	1.0	deleterious	0.0			20093.0	SUCCESS	False	LUAD	True	True	True	Loss-of-function	32350270;10866302;9811831;32366478;21828076	Oncogenic				Capivasertib+Fulvestrant	GSK2636771,AZD8186			LEVEL_3B	LEVEL_3B		37256976;28645941;34281912;Hansen et al. Abstract# 2570, ASCO 2017.(http://ascopubs.org/doi/abs/10.1200/JCO.2017.35.15_suppl.2570)											single residue	5.95070750294617e-05	12.0	uterus:5|brain:2|lung:2|breast:1|prostate:1|soft_tissue:1	True	P60484	Tc-R-P	Polymorphic toxin system, DSP-PTPase phosphatase	True			False	0.0	0.488615062431636	urn:mavedb:00000013-a-1		p.Gly129Arg	13.0	a	1.0
TP53	7157.0	JHU	GRCh37	17	7578394	7578394	+	missense_variant	Missense_Mutation	SNP	T		A	rs1057519991		GENIE-JHU-00630-00705								Unknown		Somatic							87.0	759.0			ENST00000269305.4:c.536A>T	p.His179Leu	p.H179L	ENST00000269305	NM_001126112.2	179.0	cAt/cTt											PASS	benign	0.396	tolerated	0.12			846.0	SUCCESS	False	LUAD	True	True	True	Loss-of-function	23150443	Oncogenic																						single residue	9.186182005801221e-150	149.0	lung:33|breast:17|brain:16|head_neck:13|pancreas:13|stomach:11|bowel:9|ovary:6|skin:6|uterus:6|prostate:4|bladder:3|liver:3|soft_tissue:3|unk:2|biliary_tract:1|blood:1|bone:1|thyroid:1	True	P04637	P53	P53 DNA-binding domain	True	Binding site;Region	Interaction with AXIN1;Interaction with CCAR2;Interaction with HIPK1;Required for interaction with FBXO42;Required for interaction with ZNF385A	True	1.0	2.286605125646544	urn:mavedb:00000068-a-1		p.His179Leu	68.0	a	1.0
KRAS	3845.0	JHU	GRCh37	12	25380282	25380282	+	missense_variant	Missense_Mutation	SNP	G		C			GENIE-JHU-00673-00825								Unknown		Somatic							6462.0	399.0			ENST00000256078.4:c.176C>G	p.Ala59Gly	p.A59G	ENST00000256078	NM_033360.2	59.0	gCa/gGa											PASS	benign	0.418	deleterious	0.01			6861.0	SUCCESS	False	COADREAD	True	True	True	Gain-of-function	28572459;26841430;27147599	Oncogenic				Avutometinib+Defactinib	Trametinib,Cobimetinib,Binimetinib			LEVEL_R1	LEVEL_3B		20921465;21228335;20619739;24024839;18316791;30857956;40644648;33933896;25435214;24746704;23934108											single residue	3.18311796039066e-09	12.0	blood:3|lung:3|bowel:2|stomach:2|kidney:1|prostate:1	True	P01116	Ras	Ras family	True	Binding site		True	1.0	0.054974835	urn:mavedb:00000115-a-7		p.Ala59Gly	115.0	a	7.0
TP53	7157.0	JHU	GRCh37	17	7577520	7577520	+	missense_variant	Missense_Mutation	SNP	A		G			GENIE-JHU-00717-00807								Unknown		Somatic							1453.0	621.0			ENST00000269305.4:c.761T>C	p.Ile254Thr	p.I254T	ENST00000269305	NM_001126112.2	254.0	aTc/aCc											PASS	probably_damaging	1.0	deleterious	0.0			2074.0	SUCCESS	False	COADREAD	True	True	True	Loss-of-function	25584008	Oncogenic																										False	P04637	P53	P53 DNA-binding domain	True	Region	Interaction with AXIN1;Interaction with CCAR2;Interaction with HIPK1;Required for interaction with ZNF385A	True	0.0	0.9476187176038016	urn:mavedb:00000068-a-1		p.Ile254Thr	68.0	a	1.0
TP53	7157.0	JHU	GRCh37	17	7578479	7578479	+	missense_variant	Missense_Mutation	SNP	G		A	rs28934874		GENIE-JHU-00722-00892								Unknown		Somatic							312.0	534.0			ENST00000269305.4:c.451C>T	p.Pro151Ser	p.P151S	ENST00000269305	NM_001126112.2	151.0	Ccc/Tcc											PASS	possibly_damaging	0.798	deleterious	0.01			846.0	SUCCESS	False	COADREAD	True	True	True	Loss-of-function	21903770	Oncogenic																						single residue	1.30026283538923e-57	79.0	bowel:12|head_neck:8|lung:7|breast:6|pancreas:6|ovary:5|skin:5|stomach:5|bladder:4|brain:4|unk:4|uterus:3|kidney:2|liver:2|prostate:2|soft_tissue:2|blood:1|thyroid:1	True	P04637	P53	P53 DNA-binding domain	True	Region	Interaction with AXIN1;Interaction with CCAR2;Interaction with HIPK1;Required for interaction with FBXO42;Required for interaction with ZNF385A	True	0.0	1.5065816318519336	urn:mavedb:00000068-a-1		p.Pro151Ser	68.0	a	1.0
KRAS	3845.0	JHU	GRCh37	12	25380275	25380276	+	missense_variant	Missense_Mutation	DNP	TT		CA			GENIE-JHU-00733-00841								Unknown		Somatic							3950.0	1305.0			ENST00000256078.4:c.182_183delinsTG	p.Gln61Leu	p.Q61L	ENST00000256078	NM_033360.2	61.0	cAA/cTG											PASS	possibly_damaging	0.631	deleterious	0.0			5255.0	SUCCESS	False	LUAD	True	True	True	Gain-of-function	25437878;28572459;26854029	Oncogenic				Avutometinib+Defactinib	Trametinib,Cobimetinib,Binimetinib			LEVEL_3B	LEVEL_3B		40644648;33933896;25435214;24746704;23934108											single residue	0.0	190.0	pancreas:64|bowel:31|lung:28|blood:17|biliary_tract:8|thyroid:8|testis:6|bladder:5|stomach:5|prostate:4|uterus:4|skin:2|unk:2|ampulla_of_vater:1|brain:1|breast:1|liver:1|penis:1|soft_tissue:1	True	P01116	Ras	Ras family	True			False	1.0	0.24016562	urn:mavedb:00000115-a-7		p.Gln61Leu	115.0	a	7.0
KRAS	3845.0	JHU	GRCh37	12	25398255	25398255	+	missense_variant	Missense_Mutation	SNP	G		T	rs121913236		GENIE-JHU-00822-00941								Unknown		Somatic							2984.0	1601.0			ENST00000256078.4:c.64C>A	p.Gln22Lys	p.Q22K	ENST00000256078	NM_033360.2	22.0	Cag/Aag											PASS	probably_damaging	0.982	deleterious	0.01			4585.0	SUCCESS	False	COADREAD	True	True	True	Gain-of-function	23059812;20570890;26284123;34117033;20949621;11095964	Oncogenic				Avutometinib+Defactinib	Trametinib,Cobimetinib,Binimetinib			LEVEL_R1	LEVEL_3B		20921465;21228335;20619739;24024839;18316791;30857956;40644648;33933896;25435214;24746704;23934108											single residue	0.0019130164353186	6.0	bowel:3|blood:1|lung:1|lymph:1	True	P01116	Ras	Ras family	True			False	0.0	0.2505687	urn:mavedb:00000115-a-7		p.Gln22Lys	115.0	a	7.0
TP53	7157.0	JHU	GRCh37	17	7577565	7577565	+	missense_variant	Missense_Mutation	SNP	T		C	rs1057519999		GENIE-JHU-00901-01062								Unknown		Somatic							664.0	3299.0			ENST00000269305.4:c.716A>G	p.Asn239Ser	p.N239S	ENST00000269305	NM_001126112.2	239.0	aAc/aGc											PASS	possibly_damaging	0.772	deleterious	0.03			3963.0	SUCCESS	False	NSCLC	True	True	True	Loss-of-function	22553460	Oncogenic																						single residue	3.8372975203483283e-34	41.0	lung:7|uterus:7|breast:6|head_neck:3|kidney:3|prostate:3|bowel:2|lymph:2|pancreas:2|adrenal_gland:1|bladder:1|brain:1|liver:1|ovary:1|stomach:1	True	P04637	P53	P53 DNA-binding domain	True	Region	Interaction with AXIN1;Interaction with CCAR2;Interaction with HIPK1;Required for interaction with ZNF385A	True	0.0	0.9631454210330278	urn:mavedb:00000068-a-1		p.Asn239Ser	68.0	a	1.0
PTEN	5728.0	JHU	GRCh37	10	89692904	89692904	+	missense_variant	Missense_Mutation	SNP	C		G	rs121909224		GENIE-JHU-01067-01225								Unknown		Somatic							683.0	72.0			ENST00000371953.3:c.388C>G	p.Arg130Gly	p.R130G	ENST00000371953	NM_000314.4	130.0	Cga/Gga											PASS	probably_damaging	0.999	deleterious	0.0			755.0	SUCCESS	False	MEL	True	True	True	Loss-of-function	21828076;10866302	Oncogenic				Capivasertib+Fulvestrant	GSK2636771,AZD8186			LEVEL_3B	LEVEL_3B		37256976;28645941;34281912;Hansen et al. Abstract# 2570, ASCO 2017.(http://ascopubs.org/doi/abs/10.1200/JCO.2017.35.15_suppl.2570)											single residue	1.9165879686530897e-210	168.0	uterus:83|brain:14|breast:14|bowel:13|lung:8|prostate:8|skin:5|cervix:4|head_neck:4|stomach:3|biliary_tract:2|kidney:2|ovary:2|soft_tissue:2|penis:1|pleura:1|thyroid:1|unk:1	True	P60484	Tc-R-P	Polymorphic toxin system, DSP-PTPase phosphatase	True			False	0.0	1.08519791687069	urn:mavedb:00000013-a-1		p.Arg130Gly	13.0	a	1.0
KRAS	3845.0	JHU	GRCh37	12	25378647	25378647	+	missense_variant	Missense_Mutation	SNP	T		A	rs770248150		GENIE-JHU-01214-01560								Unknown		Somatic							856.0	516.0			ENST00000256078.4:c.351A>T	p.Lys117Asn	p.K117N	ENST00000256078	NM_033360.2	117.0	aaA/aaT											PASS	probably_damaging	0.994	deleterious	0.01			1372.0	SUCCESS	False	READ	True	True	True	Gain-of-function	20147967;28572459;20570890	Oncogenic				Avutometinib+Defactinib	Trametinib,Cobimetinib,Binimetinib			LEVEL_R1	LEVEL_3B		20921465;21228335;20619739;24024839;18316791;30857956;40644648;33933896;25435214;24746704;23934108											single residue	5.40950832194339e-24	18.0	bowel:9|blood:3|stomach:2|liver:1|skin:1|soft_tissue:1|unk:1	True	P01116	Ras	Ras family	True	Binding site		True	1.0	0.1866422	urn:mavedb:00000115-a-7		p.Lys117Asn	115.0	a	7.0
TP53	7157.0	JHU	GRCh37	17	7577099	7577099	+	missense_variant	Missense_Mutation	SNP	C		T	rs121912660		GENIE-JHU-01225-01572								Unknown		Somatic							229.0	113.0			ENST00000269305.4:c.839G>A	p.Arg280Lys	p.R280K	ENST00000269305	NM_001126112.2	280.0	aGa/aAa											PASS	probably_damaging	0.925	deleterious	0.04			342.0	SUCCESS	False	MEL	True	True	True	Loss-of-function	24714748	Oncogenic																						single residue	8.52038865841413e-39	109.0	bladder:33|lung:20|breast:10|head_neck:9|brain:5|skin:5|stomach:4|ovary:3|pancreas:3|uterus:3|bowel:2|liver:2|soft_tissue:2|thyroid:2|unk:2|biliary_tract:1|blood:1|cervix:1|prostate:1	True	P04637	P53	P53 DNA-binding domain	True	Region	Interaction with AXIN1;Interaction with CCAR2;Interaction with DNA;Interaction with E4F1;Interaction with HIPK1;Required for interaction with ZNF385A	True	0.0	0.3700450283381886	urn:mavedb:00000068-a-1		p.Arg280Lys	68.0	a	1.0
TP53	7157.0	JHU	GRCh37	17	7577070	7577070	+	missense_variant	Missense_Mutation	SNP	G		A	rs770374782		GENIE-JHU-01246-01594								Unknown		Somatic							324.0	13.0			ENST00000269305.4:c.868C>T	p.Arg290Cys	p.R290C	ENST00000269305	NM_001126112.2	290.0	Cgc/Tgc											PASS	possibly_damaging	0.674	deleterious	0.01			337.0	SUCCESS	False	ADNOS	True	True	True	Likely Neutral	30224644;12826609	Likely Neutral																										False	P04637	P53	P53 DNA-binding domain	True	Region	Disordered;Interaction with AXIN1;Interaction with CCAR2;Interaction with E4F1;Interaction with HIPK1;Required for interaction with ZNF385A	True	2.0	0.0823955108393627	urn:mavedb:00000068-a-1		p.Arg290Cys	68.0	a	1.0
TP53	7157.0	JHU	GRCh37	17	7577536	7577536	+	missense_variant	Missense_Mutation	SNP	T		A	rs587782082		GENIE-JHU-01432-01805								Unknown		Somatic							983.0	735.0			ENST00000269305.4:c.745A>T	p.Arg249Trp	p.R249W	ENST00000269305	NM_001126112.2	249.0	Agg/Tgg											PASS	possibly_damaging	0.838	deleterious	0.02			1718.0	SUCCESS	False	COADREAD	True	True	True	Likely Loss-of-function	23612969	Oncogenic																						single residue	1.28532741635959e-72	102.0	lung:33|liver:13|breast:7|brain:6|head_neck:6|stomach:6|pancreas:5|prostate:4|uterus:4|bladder:3|bowel:3|skin:3|unk:3|thyroid:2|adrenal_gland:1|lymph:1|ovary:1|soft_tissue:1	True	P04637	P53	P53 DNA-binding domain	True	Region	Interaction with AXIN1;Interaction with CCAR2;Interaction with HIPK1;Required for interaction with ZNF385A	True	4.0	2.2733315824426703	urn:mavedb:00000068-a-1		p.Arg249Trp	68.0	a	1.0
TP53	7157.0	JHU	GRCh37	17	7577069	7577069	+	missense_variant	Missense_Mutation	SNP	C		T	rs55819519		GENIE-JHU-01787-02191								Unknown		Somatic							131.0	88.0			ENST00000269305.4:c.869G>A	p.Arg290His	p.R290H	ENST00000269305	NM_001126112.2	290.0	cGc/cAc											PASS	benign	0.0	tolerated	0.6			219.0	SUCCESS	False	LUAD	True	True	True	Likely Neutral	24076587;28369373;10435620	Likely Neutral																										False	P04637			False	Region	Disordered;Interaction with AXIN1;Interaction with CCAR2;Interaction with E4F1;Interaction with HIPK1;Required for interaction with ZNF385A	True	2.0	0.4731340778522766	urn:mavedb:00000068-a-1		p.Arg290His	68.0	a	1.0
PTEN	5728.0	JHU	GRCh37	10	89720853	89720853	+	missense_variant	Missense_Mutation	SNP	G		T			GENIE-JHU-02338-02799								Unknown		Somatic							2506.0	1054.0			ENST00000371953.3:c.1004G>T	p.Arg335Leu	p.R335L	ENST00000371953	NM_000314.4	335.0	cGa/cTa											PASS	possibly_damaging	0.866	tolerated	0.06			3560.0	SUCCESS	False	COAD	True	True	True	Loss-of-function	21828076	Oncogenic				Capivasertib+Fulvestrant	GSK2636771,AZD8186			LEVEL_3B	LEVEL_3B		37256976;28645941;34281912;Hansen et al. Abstract# 2570, ASCO 2017.(http://ascopubs.org/doi/abs/10.1200/JCO.2017.35.15_suppl.2570)															False	P60484	PTEN_C2	C2 domain of PTEN tumour-suppressor protein	True			False	2.0	0.981700494842477	urn:mavedb:00000013-a-1		p.Arg335Leu	13.0	a	1.0
KRAS	3845.0	JHU	GRCh37	12	25398285	25398286	+	missense_variant	Missense_Mutation	DNP	CA		AG			GENIE-JHU-02697-03204								Unknown		Somatic							2090.0	4892.0			ENST00000256078.4:c.33_34delinsCT	p.Gly12Cys	p.G12C	ENST00000256078	NM_033360.2	11.0	gcTGgt/gcCTgt											PASS							6982.0	SUCCESS	False	LUAD	True	True	True	Gain-of-function	25705018;38096473;24256730;28572459;16051643;32792368;26841430;Fakih et al. Abstract# 3003, ASCO 2019.(https://meetinglibrary.asco.org/record/172411/abstract)	Oncogenic	Sotorasib,Adagrasib			Adagrasib+Cetuximab,Adagrasib+Panitumumab,Avutometinib+Defactinib,Sotorasib+Cetuximab,Sotorasib+Panitumumab	Trametinib,Cobimetinib,Binimetinib			LEVEL_1	LEVEL_1		38157806;34096690;32955176;37098232;36764316;35658005;Gadgeel, S. et al., Abstract# MA06.04, Journal of Thoracic Oncology Vol. 18.(https://www.jto.org/article/S1556-0864%2823%2900954-1/fulltext);38587856;37870968;36546659;38177853;40644648;33933896;25435214;24746704;23934108											single residue	0.0	2175.0	pancreas:745|lung:570|bowel:500|uterus:84|unk:42|stomach:40|bladder:36|ovary:25|biliary_tract:21|testis:19|breast:15|cervix:15|blood:13|ampulla_of_vater:10|soft_tissue:8|brain:6|kidney:5|prostate:4|skin:4|head_neck:3|thyroid:3|lymph:2|thymus:2|bone:1|liver:1|vulva:1	True	P01116	Ras	Ras family	True	Binding site		True	0.0	0.33565634	urn:mavedb:00000115-a-7		p.Gly12Cys	115.0	a	7.0
TP53	7157.0	JHU	GRCh37	17	7577111	7577111	+	missense_variant	Missense_Mutation	SNP	G		A			GENIE-JHU-02882-03413								Unknown		Somatic							47.0	10.0			ENST00000269305.4:c.827C>T	p.Ala276Val	p.A276V	ENST00000269305	NM_001126112.2	276.0	gCc/gTc											PASS	probably_damaging	0.938	deleterious	0.0			57.0	SUCCESS	False	COAD	True	True	True	Likely Neutral	37697151;29979965;26109429;30224644;12826609	Likely Neutral																										False	P04637	P53	P53 DNA-binding domain	True	Region	Interaction with AXIN1;Interaction with CCAR2;Interaction with DNA;Interaction with E4F1;Interaction with HIPK1;Required for interaction with ZNF385A	True	1.0	-0.003153800404411	urn:mavedb:00000068-a-1		p.Ala276Val	68.0	a	1.0
KRAS	3845.0	JHU	GRCh37	12	25398220	25398220	+	missense_variant	Missense_Mutation	SNP	A		T			GENIE-JHU-02965-03502								Unknown		Somatic							4970.0	2220.0			ENST00000256078.4:c.99T>A	p.Asp33Glu	p.D33E	ENST00000256078	NM_033360.2	33.0	gaT/gaA											PASS	probably_damaging	0.979	tolerated	0.08			7190.0	SUCCESS	False	COAD	True	True	True	Gain-of-function	28572459;27147599	Oncogenic				Avutometinib+Defactinib	Trametinib,Cobimetinib,Binimetinib			LEVEL_R1	LEVEL_3B		20921465;21228335;20619739;24024839;18316791;30857956;40644648;33933896;25435214;24746704;23934108											single residue	0.0054551099462305	4.0	bowel:2|lung:1|testis:1	True	P01116	Ras	Ras family	True	Binding site;Motif	Effector region	True	11.0	0.089398235	urn:mavedb:00000115-a-7		p.Asp33Glu	115.0	a	7.0
TP53	7157.0	JHU	GRCh37	17	7573948	7573948	+	missense_variant	Missense_Mutation	SNP	C		A	rs35993958		GENIE-JHU-03117-03667								Unknown		Somatic							1225.0	407.0			ENST00000269305.4:c.1079G>T	p.Gly360Val	p.G360V	ENST00000269305	NM_001126112.2	360.0	gGg/gTg											PASS	benign	0.04	tolerated	0.59			1632.0	SUCCESS	False	COAD	True	True	True	Inconclusive	29979965;34810298;27297285;33257846;30224644;27328919;12826609	Likely Neutral																										False	P04637			False	Region	Disordered;Interaction with CARM1;Interaction with HIPK1;Interaction with HIPK2;Interaction with USP7	True	33.0	-0.6082654198726173	urn:mavedb:00000068-a-1		p.Gly360Val	68.0	a	1.0
KRAS	3845.0	JHU	GRCh37	12	25398283	25398284	+	missense_variant	Missense_Mutation	DNP	AC		GA			GENIE-JHU-03209-03774								Unknown		Somatic							1990.0	1577.0			ENST00000256078.4:c.35_36delinsTC	p.Gly12Val	p.G12V	ENST00000256078	NM_033360.2	12.0	gGT/gTC											PASS	probably_damaging	0.972	deleterious	0.0			3567.0	SUCCESS	False	COAD	True	True	True	Gain-of-function	20516123;20949621;30341394;28572459;25359494;20570890;12957286;20147967	Oncogenic				Avutometinib+Defactinib	Daraxonrasib,Trametinib,Cobimetinib,Binimetinib			LEVEL_R1	LEVEL_3B		20921465;21228335;20619739;24024839;18316791;30857956;40644648;Koltun et al. Abstract# 3597, AACR 2022.(https://aacrjournals.org/cancerres/article/82/12_Supplement/3597/702320);Singh et al. Abstract  # 3597, AACR 2022.(https://s3.us-west-2.amazonaws.com/rvmdpubs.revmed.com/2022/AACR_2022_Singh.pdf);33933896;25435214;24746704;23934108											single residue	0.0	2175.0	pancreas:745|lung:570|bowel:500|uterus:84|unk:42|stomach:40|bladder:36|ovary:25|biliary_tract:21|testis:19|breast:15|cervix:15|blood:13|ampulla_of_vater:10|soft_tissue:8|brain:6|kidney:5|prostate:4|skin:4|head_neck:3|thyroid:3|lymph:2|thymus:2|bone:1|liver:1|vulva:1	True	P01116	Ras	Ras family	True	Binding site		True	0.0	0.41398332	urn:mavedb:00000115-a-7		p.Gly12Val	115.0	a	7.0
PTEN	5728.0	JHU	GRCh37	10	89692887	89692887	+	missense_variant	Missense_Mutation	SNP	G		C			GENIE-JHU-03411-04001								Unknown		Somatic							2253.0	912.0			ENST00000371953.3:c.371G>C	p.Cys124Ser	p.C124S	ENST00000371953	NM_000314.4	124.0	tGt/tCt											PASS	probably_damaging	0.998	deleterious	0.0			3165.0	SUCCESS	False	LUAD	True	True	True	Loss-of-function	32350270;24766807;9811831;32366478	Oncogenic				Capivasertib+Fulvestrant	GSK2636771,AZD8186			LEVEL_3B	LEVEL_3B		37256976;28645941;34281912;Hansen et al. Abstract# 2570, ASCO 2017.(http://ascopubs.org/doi/abs/10.1200/JCO.2017.35.15_suppl.2570)											single residue	0.0003694601060036	8.0	breast:4|bowel:1|prostate:1|thyroid:1|uterus:1	True	P60484	Tc-R-P	Polymorphic toxin system, DSP-PTPase phosphatase	True	Active site	Phosphocysteine intermediate	True	1.0	1.13746760599211	urn:mavedb:00000013-a-1		p.Cys124Ser	13.0	a	1.0
TP53	7157.0	JHU	GRCh37	17	7577551	7577551	+	missense_variant	Missense_Mutation	SNP	C		T	rs1057519989		GENIE-JHU-03753-04394								Unknown		Somatic							2179.0	1456.0			ENST00000269305.4:c.730G>A	p.Gly244Ser	p.G244S	ENST00000269305	NM_001126112.2	244.0	Ggc/Agc											PASS	probably_damaging	1.0	deleterious	0.0			3635.0	SUCCESS	False	SARCNOS	True	True	True	Loss-of-function	26818906	Oncogenic																						single residue	1.0002696468844498e-31	65.0	lung:17|brain:8|ovary:7|stomach:7|bowel:5|bladder:3|lymph:3|uterus:3|breast:2|head_neck:2|soft_tissue:2|biliary_tract:1|cervix:1|kidney:1|liver:1|pancreas:1|unk:1	True	P04637	P53	P53 DNA-binding domain	True	Region	Interaction with AXIN1;Interaction with CCAR2;Interaction with HIPK1;Interaction with the 53BP2 SH3 domain;Required for interaction with ZNF385A	True	1.0	1.6954045391826889	urn:mavedb:00000068-a-1		p.Gly244Ser	68.0	a	1.0
KRAS	3845.0	JHU	GRCh37	12	25398285	25398286	+	missense_variant	Missense_Mutation	DNP	CA		TT			GENIE-JHU-04252-04951								Unknown		Somatic							3648.0	4145.0			ENST00000256078.4:c.33_34delinsAA	p.Gly12Ser	p.G12S	ENST00000256078	NM_033360.2	11.0	gcTGgt/gcAAgt											PASS							7793.0	SUCCESS	False	PDC	True	True	True	Gain-of-function	28572459;25284075;26184075	Oncogenic				Avutometinib+Defactinib	Daraxonrasib,Trametinib,Cobimetinib,Binimetinib			LEVEL_3B	LEVEL_3B		40644648;Koltun et al. Abstract# 3597, AACR 2022.(https://aacrjournals.org/cancerres/article/82/12_Supplement/3597/702320);Singh et al. Abstract  # 3597, AACR 2022.(https://s3.us-west-2.amazonaws.com/rvmdpubs.revmed.com/2022/AACR_2022_Singh.pdf);33933896;25435214;24746704;23934108											single residue	0.0	2175.0	pancreas:745|lung:570|bowel:500|uterus:84|unk:42|stomach:40|bladder:36|ovary:25|biliary_tract:21|testis:19|breast:15|cervix:15|blood:13|ampulla_of_vater:10|soft_tissue:8|brain:6|kidney:5|prostate:4|skin:4|head_neck:3|thyroid:3|lymph:2|thymus:2|bone:1|liver:1|vulva:1	True	P01116	Ras	Ras family	True	Binding site		True	0.0	0.39532286	urn:mavedb:00000115-a-7		p.Gly12Ser	115.0	a	7.0
TP53	7157.0	JHU	GRCh37	17	7574018	7574018	+	missense_variant	Missense_Mutation	SNP	G		C	rs587782529		GENIE-JHU-06973-07953								Unknown		Somatic							301.0	57.0			ENST00000269305.4:c.1009C>G	p.Arg337Gly	p.R337G	ENST00000269305	NM_001126112.2	337.0	Cgc/Ggc											PASS	probably_damaging	0.946	deleterious	0.01			358.0	SUCCESS	False	UNKNOWN	True	True	True	Likely Neutral	29979965;30224644;27328919;12826609	Likely Neutral																						single residue	8.697719546142539e-22	68.0	lung:17|bowel:11|breast:6|head_neck:5|adrenal_gland:3|pancreas:3|stomach:3|unk:3|brain:2|kidney:2|liver:2|prostate:2|uterus:2|biliary_tract:1|bladder:1|blood:1|cervix:1|ovary:1|skin:1|soft_tissue:1	True	P04637	P53_tetramer	P53 tetramerisation motif	True	Modified residue;Region	Interaction with CARM1;Interaction with HIPK1;Interaction with HIPK2;Oligomerization;Symmetric dimethylarginine; by PRMT5	True	10.0	-1.3691288322585295	urn:mavedb:00000068-a-1		p.Arg337Gly	68.0	a	1.0
KRAS	3845.0	DFCI	GRCh37	12	25398285	25398285	+	missense_variant	Missense_Mutation	SNP	C	C	A	rs121913530		GENIE-DFCI-110152-757655								Unknown		Somatic							237.0	56.0			ENST00000256078.4:c.34G>T	p.Gly12Cys	p.G12C	ENST00000256078	NM_033360.2	12.0	Ggt/Tgt		0.0	0.0	0.0	0.0	0.0	0.0	0.0	0.0	0.0	PASS	probably_damaging	0.991	deleterious	0.04			293.0	SUCCESS	False	SBC	True	True	True	Gain-of-function	25705018;38096473;24256730;28572459;16051643;32792368;26841430;Fakih et al. Abstract# 3003, ASCO 2019.(https://meetinglibrary.asco.org/record/172411/abstract)	Oncogenic		Adagrasib,Sotorasib		Adagrasib+Cetuximab,Adagrasib+Panitumumab,Avutometinib+Defactinib,Sotorasib+Cetuximab,Sotorasib+Panitumumab	Trametinib,Cobimetinib,Binimetinib			LEVEL_2	LEVEL_2		37099736;32955176;38587856;37870968;36546659;38177853;40644648;33933896;25435214;24746704;23934108											single residue	0.0	2175.0	pancreas:745|lung:570|bowel:500|uterus:84|unk:42|stomach:40|bladder:36|ovary:25|biliary_tract:21|testis:19|breast:15|cervix:15|blood:13|ampulla_of_vater:10|soft_tissue:8|brain:6|kidney:5|prostate:4|skin:4|head_neck:3|thyroid:3|lymph:2|thymus:2|bone:1|liver:1|vulva:1	True	P01116	Ras	Ras family	True	Binding site		True	0.0	0.33565634	urn:mavedb:00000115-a-7		p.Gly12Cys	115.0	a	7.0
TP53	7157.0	DFCI	GRCh37	17	7577548	7577548	+	missense_variant	Missense_Mutation	SNP	C	C	T	rs28934575		GENIE-DFCI-110152-757655								Unknown		Somatic							176.0	33.0			ENST00000269305.4:c.733G>A	p.Gly245Ser	p.G245S	ENST00000269305	NM_001126112.2	245.0	Ggc/Agc		0.0	0.0	0.0	0.0	0.0	0.0	0.0	0.0	0.0	PASS	probably_damaging	0.998	deleterious	0.0			209.0	SUCCESS	False	SBC	True	True	True	Loss-of-function	2358418;15037740	Oncogenic																						single residue	8.547227194685859e-208	242.0	bowel:49|lung:40|stomach:25|head_neck:19|brain:17|ovary:15|pancreas:15|prostate:14|breast:13|bladder:9|uterus:7|skin:4|kidney:3|liver:3|biliary_tract:2|soft_tissue:2|ampulla_of_vater:1|bone:1|cervix:1|lymph:1|thyroid:1	True	P04637	P53	P53 DNA-binding domain	True	Region	Interaction with AXIN1;Interaction with CCAR2;Interaction with HIPK1;Interaction with the 53BP2 SH3 domain;Required for interaction with ZNF385A	True	0.0	1.1463838770478425	urn:mavedb:00000068-a-1		p.Gly245Ser	68.0	a	1.0
KRAS	3845.0	DFCI	GRCh37	12	25398285	25398285	+	missense_variant	Missense_Mutation	SNP	C	C	T	rs121913530		GENIE-DFCI-170675-2149984								Unknown		Somatic							158.0	161.0			ENST00000256078.4:c.34G>A	p.Gly12Ser	p.G12S	ENST00000256078	NM_033360.2	12.0	Ggt/Agt		0.0	0.0	0.0	0.0	0.0	0.0	0.0	0.0	0.0	PASS	possibly_damaging	0.582	deleterious	0.03			319.0	SUCCESS	False	READ	True	True	True	Gain-of-function	28572459;25284075;26184075	Oncogenic				Avutometinib+Defactinib	Daraxonrasib,Trametinib,Cobimetinib,Binimetinib			LEVEL_R1	LEVEL_3B		20921465;21228335;20619739;24024839;18316791;30857956;40644648;Koltun et al. Abstract# 3597, AACR 2022.(https://aacrjournals.org/cancerres/article/82/12_Supplement/3597/702320);Singh et al. Abstract  # 3597, AACR 2022.(https://s3.us-west-2.amazonaws.com/rvmdpubs.revmed.com/2022/AACR_2022_Singh.pdf);33933896;25435214;24746704;23934108											single residue	0.0	2175.0	pancreas:745|lung:570|bowel:500|uterus:84|unk:42|stomach:40|bladder:36|ovary:25|biliary_tract:21|testis:19|breast:15|cervix:15|blood:13|ampulla_of_vater:10|soft_tissue:8|brain:6|kidney:5|prostate:4|skin:4|head_neck:3|thyroid:3|lymph:2|thymus:2|bone:1|liver:1|vulva:1	True	P01116	Ras	Ras family	True	Binding site		True	0.0	0.39532286	urn:mavedb:00000115-a-7		p.Gly12Ser	115.0	a	7.0
TP53	7157.0	DFCI	GRCh37	17	7578406	7578406	+	missense_variant	Missense_Mutation	SNP	C	C	T	rs28934578		GENIE-DFCI-170675-2149984								Unknown		Somatic							49.0	69.0			ENST00000269305.4:c.524G>A	p.Arg175His	p.R175H	ENST00000269305	NM_001126112.2	175.0	cGc/cAc		3.97969e-06	0.0	0.0	0.0	0.0	0.0	8.80282e-06	0.0	0.0	PASS	benign	0.319	tolerated	0.11			118.0	SUCCESS	False	READ	True	True	True	Loss-of-function	25584008;15781620;10713666;21445056;31068365	Oncogenic																						single residue	0.0	416.0	bowel:108|stomach:63|pancreas:39|brain:33|breast:29|lung:28|head_neck:24|ovary:21|prostate:14|uterus:14|soft_tissue:12|bladder:11|biliary_tract:5|unk:4|kidney:2|skin:2|thyroid:2|adrenal_gland:1|blood:1|cervix:1|liver:1|lymph:1	True	P04637	P53	P53 DNA-binding domain	True	Region	Interaction with AXIN1;Interaction with CCAR2;Interaction with HIPK1;Required for interaction with FBXO42;Required for interaction with ZNF385A	True	1.0	1.791388107033267	urn:mavedb:00000068-a-1		p.Arg175His	68.0	a	1.0
KRAS	3845.0	DFCI	GRCh37	12	25398284	25398284	+	missense_variant	Missense_Mutation	SNP	C	C	A	rs121913529		GENIE-DFCI-026735-159102								Unknown		Somatic							421.0	91.0			ENST00000256078.4:c.35G>T	p.Gly12Val	p.G12V	ENST00000256078	NM_033360.2	12.0	gGt/gTt		0.0	0.0	0.0	0.0	0.0	0.0	0.0	0.0	0.0	PASS	probably_damaging	0.972	deleterious	0.0			512.0	SUCCESS	False	ADNOS	True	True	True	Gain-of-function	20516123;20949621;30341394;28572459;25359494;20570890;12957286;20147967	Oncogenic				Avutometinib+Defactinib	Daraxonrasib,Trametinib,Cobimetinib,Binimetinib			LEVEL_3B	LEVEL_3B		40644648;Koltun et al. Abstract# 3597, AACR 2022.(https://aacrjournals.org/cancerres/article/82/12_Supplement/3597/702320);Singh et al. Abstract  # 3597, AACR 2022.(https://s3.us-west-2.amazonaws.com/rvmdpubs.revmed.com/2022/AACR_2022_Singh.pdf);33933896;25435214;24746704;23934108											single residue	0.0	2175.0	pancreas:745|lung:570|bowel:500|uterus:84|unk:42|stomach:40|bladder:36|ovary:25|biliary_tract:21|testis:19|breast:15|cervix:15|blood:13|ampulla_of_vater:10|soft_tissue:8|brain:6|kidney:5|prostate:4|skin:4|head_neck:3|thyroid:3|lymph:2|thymus:2|bone:1|liver:1|vulva:1	True	P01116	Ras	Ras family	True	Binding site		True	0.0	0.41398332	urn:mavedb:00000115-a-7		p.Gly12Val	115.0	a	7.0
KRAS	3845.0	DFCI	GRCh37	12	25398284	25398284	+	missense_variant	Missense_Mutation	SNP	C	C	T	rs121913529		GENIE-DFCI-368703-4098353								Unknown		Somatic							324.0	83.0			ENST00000256078.4:c.35G>A	p.Gly12Asp	p.G12D	ENST00000256078	NM_033360.2	12.0	gGt/gAt		4.01078e-06	0.0	0.0	0.0	0.0	0.0	8.8832e-06	0.0	0.0	PASS	benign	0.303	deleterious	0.0			407.0	SUCCESS	False	PAAD	True	True	True	Gain-of-function	17349581;19296721;11751631;15093544;30341394;28572459;20570890;32792368;20147967;Nagashima et al. Abstract# 5735, AACR 2023.(https://aacrjournals.org/cancerres/article/83/7_Supplement/5735/722276)	Oncogenic			ASP3082,Daraxonrasib	Avutometinib+Defactinib	MRTX-1133,Trametinib,Cobimetinib,Binimetinib			LEVEL_3A	LEVEL_3A		Nagashima et al. Abstract# 5735, AACR 2023.(https://aacrjournals.org/cancerres/article/83/7_Supplement/5735/722276);Park, W. et al., Abstract# 608O, ESMO 2024.(https://www.annalsofoncology.org/article/S0923-7534(24)02194-X/fulltext);38593348;Garrido-Laguna et al. 2025 ASCO Gastrointestinal Cancers Symposium.(https://www.asco.org/abstracts-presentations/ABSTRACT474560);Arbour et al. Abstract# 6520, Annals of Oncol., 2023.(https://www.annalsofoncology.org/article/S0923-7534%2823%2902675-3/fulltext);40644648;36472553;33933896;25435214;24746704;23934108											single residue	0.0	2175.0	pancreas:745|lung:570|bowel:500|uterus:84|unk:42|stomach:40|bladder:36|ovary:25|biliary_tract:21|testis:19|breast:15|cervix:15|blood:13|ampulla_of_vater:10|soft_tissue:8|brain:6|kidney:5|prostate:4|skin:4|head_neck:3|thyroid:3|lymph:2|thymus:2|bone:1|liver:1|vulva:1	True	P01116	Ras	Ras family	True	Binding site		True	0.0	0.23077428	urn:mavedb:00000115-a-7		p.Gly12Asp	115.0	a	7.0
KRAS	3845.0	DFCI	GRCh37	12	25398281	25398281	+	missense_variant	Missense_Mutation	SNP	C	C	T	rs112445441		GENIE-DFCI-450464-4785302								Unknown		Somatic							257.0	87.0			ENST00000256078.4:c.38G>A	p.Gly13Asp	p.G13D	ENST00000256078	NM_033360.2	13.0	gGc/gAc		0.0	0.0	0.0	0.0	0.0	0.0	0.0	0.0	0.0	PASS	benign	0.44	deleterious	0.04			344.0	SUCCESS	False	COADREAD	True	True	True	Gain-of-function	28572459;22722830;32792368;20147967;26037647	Oncogenic				Avutometinib+Defactinib	Trametinib,Cobimetinib,Binimetinib			LEVEL_R1	LEVEL_3B		20921465;21228335;20619739;24024839;18316791;30857956;40644648;33933896;25435214;24746704;23934108											single residue	0.0	264.0	bowel:130|lung:57|stomach:17|blood:12|uterus:12|pancreas:7|unk:5|biliary_tract:4|cervix:4|bladder:3|lymph:3|skin:2|soft_tissue:2|ampulla_of_vater:1|brain:1|breast:1|liver:1|ovary:1|testis:1	True	P01116	Ras	Ras family	True	Binding site		True	1.0	0.22506452	urn:mavedb:00000115-a-7		p.Gly13Asp	115.0	a	7.0
KRAS	3845.0	DFCI	GRCh37	12	25380275	25380275	+	missense_variant	Missense_Mutation	SNP	T	T	G	rs17851045		GENIE-DFCI-420850-4686873								Unknown		Somatic							380.0	132.0			ENST00000256078.4:c.183A>C	p.Gln61His	p.Q61H	ENST00000256078	NM_033360.2	61.0	caA/caC		3.97918e-06	0.0	0.0	9.92457e-05	0.0	0.0	0.0	0.0	0.0	PASS	benign	0.121	deleterious	0.0			512.0	SUCCESS	False	UDMN	True	True	True	Gain-of-function	24651010;28572459;25705018;34117033;20147967;21993244	Oncogenic				Avutometinib+Defactinib	Trametinib,Cobimetinib,Binimetinib			LEVEL_3B	LEVEL_3B		40644648;33933896;25435214;24746704;23934108											single residue	0.0	190.0	pancreas:64|bowel:31|lung:28|blood:17|biliary_tract:8|thyroid:8|testis:6|bladder:5|stomach:5|prostate:4|uterus:4|skin:2|unk:2|ampulla_of_vater:1|brain:1|breast:1|liver:1|penis:1|soft_tissue:1	True	P01116	Ras	Ras family	True			False	1.0	0.3341736	urn:mavedb:00000115-a-7		p.Gln61His	115.0	a	7.0
TP53	7157.0	DFCI	GRCh37	17	7578460	7578460	+	missense_variant	Missense_Mutation	SNP	A	A	T			GENIE-DFCI-273777-3764240								Unknown		Somatic							195.0	256.0			ENST00000269305.4:c.470T>A	p.Val157Asp	p.V157D	ENST00000269305	NM_001126112.2	157.0	gTc/gAc											PASS	probably_damaging	1.0	deleterious	0.0			451.0	SUCCESS	False	MCC	True	True	True	Loss-of-function	23981578	Oncogenic																						single residue	1.0404386176385798e-43	77.0	lung:36|ovary:9|head_neck:6|breast:5|brain:4|pancreas:4|bladder:3|bowel:3|liver:3|prostate:2|biliary_tract:1|stomach:1	True	P04637	P53	P53 DNA-binding domain	True	Region	Interaction with AXIN1;Interaction with CCAR2;Interaction with HIPK1;Required for interaction with FBXO42;Required for interaction with ZNF385A	True	6.0	1.3832824799711114	urn:mavedb:00000068-a-1		p.Val157Asp	68.0	a	1.0
PTEN	5728.0	DFCI	GRCh37	10	89720870	89720870	+	missense_variant	Missense_Mutation	SNP	T	T	G			GENIE-DFCI-236292-3474405								Unknown		Somatic							64.0	14.0			ENST00000371953.3:c.1021T>G	p.Phe341Val	p.F341V	ENST00000371953	NM_000314.4	341.0	Ttt/Gtt											PASS	probably_damaging	0.998	deleterious	0.0			78.0	SUCCESS	False	UCEC	True	True	True	Loss-of-function	20530683;10866302;27302833;11051241;16094359	Oncogenic				Capivasertib+Fulvestrant	GSK2636771,AZD8186			LEVEL_3B	LEVEL_3B		37256976;28645941;34281912;Hansen et al. Abstract# 2570, ASCO 2017.(http://ascopubs.org/doi/abs/10.1200/JCO.2017.35.15_suppl.2570)															False	P60484	PTEN_C2	C2 domain of PTEN tumour-suppressor protein	True	Region	Required for interaction with NOP53	True	3.0	0.733375888684029	urn:mavedb:00000013-a-1		p.Phe341Val	13.0	a	1.0
TP53	7157.0	DFCI	GRCh37	17	7577120	7577120	+	missense_variant	Missense_Mutation	SNP	C	C	T	rs28934576		GENIE-DFCI-137832-1358843								Unknown		Somatic							78.0	33.0			ENST00000269305.4:c.818G>A	p.Arg273His	p.R273H	ENST00000269305	NM_001126112.2	273.0	cGt/cAt		1.59328e-05	0.0	0.0	9.92851e-05	0.0	0.0	2.64271e-05	0.0	0.0	PASS	possibly_damaging	0.643	tolerated	0.13			111.0	SUCCESS	False	IHCH	True	True	True	Loss-of-function	31776133;25584008;26181206;15037740	Oncogenic																						single residue	0.0	609.0	brain:113|bowel:105|lung:78|stomach:74|breast:43|ovary:37|uterus:30|head_neck:29|pancreas:27|prostate:18|bladder:11|kidney:7|unk:6|blood:5|soft_tissue:5|biliary_tract:4|bone:3|liver:3|lymph:3|thyroid:3|skin:2|adrenal_gland:1|ampulla_of_vater:1|thymus:1	True	P04637	P53	P53 DNA-binding domain	True	Region	Interaction with AXIN1;Interaction with CCAR2;Interaction with DNA;Interaction with E4F1;Interaction with HIPK1;Required for interaction with ZNF385A	True	1.0	1.1455008200687682	urn:mavedb:00000068-a-1		p.Arg273His	68.0	a	1.0
KRAS	3845.0	DFCI	GRCh37	12	25398285	25398285	+	missense_variant	Missense_Mutation	SNP	C	C	G	rs121913530		GENIE-DFCI-078477-350949								Unknown		Somatic							262.0	39.0			ENST00000256078.4:c.34G>C	p.Gly12Arg	p.G12R	ENST00000256078	NM_033360.2	12.0	Ggt/Cgt		0.0	0.0	0.0	0.0	0.0	0.0	0.0	0.0	0.0	PASS	possibly_damaging	0.497	deleterious	0.03			301.0	SUCCESS	False	PAAD	True	True	True	Gain-of-function	30341394;28572459;22722830;32792368	Oncogenic			Daraxonrasib	Avutometinib+Defactinib	Trametinib,Cobimetinib,Binimetinib			LEVEL_3A	LEVEL_3A		38593348;Garrido-Laguna et al. 2025 ASCO Gastrointestinal Cancers Symposium.(https://www.asco.org/abstracts-presentations/ABSTRACT474560);Arbour et al. Abstract# 6520, Annals of Oncol., 2023.(https://www.annalsofoncology.org/article/S0923-7534%2823%2902675-3/fulltext);40644648;33933896;25435214;24746704;23934108											single residue	0.0	2175.0	pancreas:745|lung:570|bowel:500|uterus:84|unk:42|stomach:40|bladder:36|ovary:25|biliary_tract:21|testis:19|breast:15|cervix:15|blood:13|ampulla_of_vater:10|soft_tissue:8|brain:6|kidney:5|prostate:4|skin:4|head_neck:3|thyroid:3|lymph:2|thymus:2|bone:1|liver:1|vulva:1	True	P01116	Ras	Ras family	True	Binding site		True	0.0	0.3982985	urn:mavedb:00000115-a-7		p.Gly12Arg	115.0	a	7.0
KRAS	3845.0	DFCI	GRCh37	12	25398282	25398282	+	missense_variant	Missense_Mutation	SNP	C	C	A	rs121913535		GENIE-DFCI-036584-1615447								Unknown		Somatic							130.0	130.0			ENST00000256078.4:c.37G>T	p.Gly13Cys	p.G13C	ENST00000256078	NM_033360.2	13.0	Ggc/Tgc		0.0	0.0	0.0	0.0	0.0	0.0	0.0	0.0	0.0	PASS	probably_damaging	0.997	deleterious	0.02			260.0	SUCCESS	False	LUAD	True	True	True	Gain-of-function	28572459;21079152;25705018	Oncogenic				Avutometinib+Defactinib	Trametinib,Cobimetinib,Binimetinib			LEVEL_3B	LEVEL_3B		40644648;33933896;25435214;24746704;23934108											single residue	0.0	264.0	bowel:130|lung:57|stomach:17|blood:12|uterus:12|pancreas:7|unk:5|biliary_tract:4|cervix:4|bladder:3|lymph:3|skin:2|soft_tissue:2|ampulla_of_vater:1|brain:1|breast:1|liver:1|ovary:1|testis:1	True	P01116	Ras	Ras family	True	Binding site		True	1.0	0.3084031	urn:mavedb:00000115-a-7		p.Gly13Cys	115.0	a	7.0
KRAS	3845.0	DFCI	GRCh37	12	25380274	25380274	+	missense_variant	Missense_Mutation	SNP	C	C	T			GENIE-DFCI-112777-805306								Unknown		Somatic							210.0	94.0			ENST00000256078.4:c.184G>A	p.Glu62Lys	p.E62K	ENST00000256078	NM_033360.2	62.0	Gag/Aag											PASS	possibly_damaging	0.669	deleterious	0.01			304.0	SUCCESS	False	MEL	True	True	True	Gain-of-function	25691825;34117033;27147599	Oncogenic				Avutometinib+Defactinib	Trametinib,Cobimetinib,Binimetinib			LEVEL_3B	LEVEL_3B		40644648;33933896;25435214;24746704;23934108															False	P01116	Ras	Ras family	True			False	2.0	0.495433	urn:mavedb:00000115-a-7		p.Glu62Lys	115.0	a	7.0
KRAS	3845.0	DFCI	GRCh37	12	25380275	25380275	+	missense_variant	Missense_Mutation	SNP	T	T	A	rs17851045		GENIE-DFCI-112777-805306								Unknown		Somatic							207.0	96.0			ENST00000256078.4:c.183A>T	p.Gln61His	p.Q61H	ENST00000256078	NM_033360.2	61.0	caA/caT											PASS	benign	0.121	deleterious	0.0			303.0	SUCCESS	False	MEL	True	True	True	Gain-of-function	24651010;28572459;25705018;34117033;20147967;21993244	Oncogenic				Avutometinib+Defactinib	Trametinib,Cobimetinib,Binimetinib			LEVEL_3B	LEVEL_3B		40644648;33933896;25435214;24746704;23934108											single residue	0.0	190.0	pancreas:64|bowel:31|lung:28|blood:17|biliary_tract:8|thyroid:8|testis:6|bladder:5|stomach:5|prostate:4|uterus:4|skin:2|unk:2|ampulla_of_vater:1|brain:1|breast:1|liver:1|penis:1|soft_tissue:1	True	P01116	Ras	Ras family	True			False	1.0	0.3341736	urn:mavedb:00000115-a-7		p.Gln61His	115.0	a	7.0
KRAS	3845.0	DFCI	GRCh37	12	25380276	25380276	+	missense_variant	Missense_Mutation	SNP	T	T	A	rs121913240		GENIE-DFCI-369053-4191969								Unknown		Somatic							206.0	36.0			ENST00000256078.4:c.182A>T	p.Gln61Leu	p.Q61L	ENST00000256078	NM_033360.2	61.0	cAa/cTa											PASS	possibly_damaging	0.631	deleterious	0.0			242.0	SUCCESS	False	PAAD	True	True	True	Gain-of-function	25437878;28572459;26854029	Oncogenic				Avutometinib+Defactinib	Trametinib,Cobimetinib,Binimetinib			LEVEL_3B	LEVEL_3B		40644648;33933896;25435214;24746704;23934108											single residue	0.0	190.0	pancreas:64|bowel:31|lung:28|blood:17|biliary_tract:8|thyroid:8|testis:6|bladder:5|stomach:5|prostate:4|uterus:4|skin:2|unk:2|ampulla_of_vater:1|brain:1|breast:1|liver:1|penis:1|soft_tissue:1	True	P01116	Ras	Ras family	True			False	1.0	0.24016562	urn:mavedb:00000115-a-7		p.Gln61Leu	115.0	a	7.0
PTEN	5728.0	DFCI	GRCh37	10	89692904	89692904	+	missense_variant	Missense_Mutation	SNP	C	C	G	rs121909224		GENIE-DFCI-136497-1150096								Unknown		Somatic							155.0	157.0			ENST00000371953.3:c.388C>G	p.Arg130Gly	p.R130G	ENST00000371953	NM_000314.4	130.0	Cga/Gga											PASS	probably_damaging	0.999	deleterious	0.0			312.0	SUCCESS	False	EOV	True	True	True	Loss-of-function	21828076;10866302	Oncogenic				Capivasertib+Fulvestrant	GSK2636771,AZD8186			LEVEL_3B	LEVEL_3B		37256976;28645941;34281912;Hansen et al. Abstract# 2570, ASCO 2017.(http://ascopubs.org/doi/abs/10.1200/JCO.2017.35.15_suppl.2570)											single residue	1.9165879686530897e-210	168.0	uterus:83|brain:14|breast:14|bowel:13|lung:8|prostate:8|skin:5|cervix:4|head_neck:4|stomach:3|biliary_tract:2|kidney:2|ovary:2|soft_tissue:2|penis:1|pleura:1|thyroid:1|unk:1	True	P60484	Tc-R-P	Polymorphic toxin system, DSP-PTPase phosphatase	True			False	0.0	1.08519791687069	urn:mavedb:00000013-a-1		p.Arg130Gly	13.0	a	1.0
KRAS	3845.0	DFCI	GRCh37	12	25398284	25398284	+	missense_variant	Missense_Mutation	SNP	C	C	G	rs121913529		GENIE-DFCI-687807-6862647								Unknown		Somatic							230.0	79.0			ENST00000256078.4:c.35G>C	p.Gly12Ala	p.G12A	ENST00000256078	NM_033360.2	12.0	gGt/gCt		0.0	0.0	0.0	0.0	0.0	0.0	0.0	0.0	0.0	PASS	possibly_damaging	0.723	deleterious	0.02			309.0	SUCCESS	False	COADREAD	True	True	True	Gain-of-function	30341394;26662311;26037647;23182985	Oncogenic				Avutometinib+Defactinib	Daraxonrasib,Trametinib,Cobimetinib,Binimetinib			LEVEL_R1	LEVEL_3B		20921465;21228335;20619739;24024839;18316791;30857956;40644648;Koltun et al. Abstract# 3597, AACR 2022.(https://aacrjournals.org/cancerres/article/82/12_Supplement/3597/702320);Singh et al. Abstract  # 3597, AACR 2022.(https://s3.us-west-2.amazonaws.com/rvmdpubs.revmed.com/2022/AACR_2022_Singh.pdf);33933896;25435214;24746704;23934108											single residue	0.0	2175.0	pancreas:745|lung:570|bowel:500|uterus:84|unk:42|stomach:40|bladder:36|ovary:25|biliary_tract:21|testis:19|breast:15|cervix:15|blood:13|ampulla_of_vater:10|soft_tissue:8|brain:6|kidney:5|prostate:4|skin:4|head_neck:3|thyroid:3|lymph:2|thymus:2|bone:1|liver:1|vulva:1	True	P01116	Ras	Ras family	True	Binding site		True	0.0	0.31809312	urn:mavedb:00000115-a-7		p.Gly12Ala	115.0	a	7.0
KRAS	3845.0	DFCI	GRCh37	12	25380276	25380276	+	missense_variant	Missense_Mutation	SNP	T	T	C	rs121913240		GENIE-DFCI-677840-6772890								Unknown		Somatic							385.0	123.0			ENST00000256078.4:c.182A>G	p.Gln61Arg	p.Q61R	ENST00000256078	NM_033360.2	61.0	cAa/cGa											PASS	benign	0.122	tolerated	0.06			508.0	SUCCESS	False	PAAD	True	True	True	Gain-of-function	30341394;28572459;34117033;25437878	Oncogenic				Avutometinib+Defactinib	Trametinib,Cobimetinib,Binimetinib			LEVEL_3B	LEVEL_3B		40644648;33933896;25435214;24746704;23934108											single residue	0.0	190.0	pancreas:64|bowel:31|lung:28|blood:17|biliary_tract:8|thyroid:8|testis:6|bladder:5|stomach:5|prostate:4|uterus:4|skin:2|unk:2|ampulla_of_vater:1|brain:1|breast:1|liver:1|penis:1|soft_tissue:1	True	P01116	Ras	Ras family	True			False	1.0	0.34578124	urn:mavedb:00000115-a-7		p.Gln61Arg	115.0	a	7.0
TP53	7157.0	DFCI	GRCh37	17	7578190	7578190	+	missense_variant	Missense_Mutation	SNP	T	T	C	rs121912666		GENIE-DFCI-136966-1150070								Unknown		Somatic							65.0	35.0			ENST00000269305.4:c.659A>G	p.Tyr220Cys	p.Y220C	ENST00000269305	NM_001126112.2	220.0	tAt/tGt		7.9552e-06	0.0	0.0	0.0	0.0	0.0	1.75877e-05	0.0	0.0	PASS	probably_damaging	0.998	deleterious	0.0			100.0	SUCCESS	False	ESCC	True	True	True	Loss-of-function	23315175;15037740;23630318	Oncogenic			Rezatapopt					LEVEL_3A	LEVEL_3A		Schram et al. Abstract# LB_A25, AACR 2023.(https://aacrjournals.org/mct/article/22/12_Supplement/LB_A25/730549/Abstract-LB-A25-Updated-Phase-1-results-from-the);Dumbrava et al. Abstract# 3003, ASCO 2022.(https://ascopubs.org/doi/abs/10.1200/JCO.2022.40.16_suppl.3003);Schram et al. Abstract# LBA_26, SGO 2024.(https://www.gynecologiconcology-online.net/article/S0090-8258(24)00453-0/fulltext);Dumble et al. Abstract# LB006, AACR 2021.(https://aacrjournals.org/cancerres/article/81/13_Supplement/LB006/669897/Abstract-LB006-PC14586-The-first-orally)											single residue	4.53756860311655e-208	152.0	brain:22|lung:20|ovary:20|breast:18|head_neck:12|pancreas:11|stomach:11|bowel:7|liver:7|soft_tissue:6|uterus:6|prostate:4|bladder:3|kidney:2|unk:2|skin:1	True	P04637	P53	P53 DNA-binding domain	True	Region	Interaction with AXIN1;Interaction with CCAR2;Interaction with HIPK1;Required for interaction with FBXO42;Required for interaction with ZNF385A	True	7.0	1.5263833946091867	urn:mavedb:00000068-a-1		p.Tyr220Cys	68.0	a	1.0
PTEN	5728.0	DFCI	GRCh37	10	89692902	89692902	+	missense_variant	Missense_Mutation	SNP	G	G	A	rs121909218		GENIE-DFCI-379724-4098397								Unknown		Somatic							213.0	106.0			ENST00000371953.3:c.386G>A	p.Gly129Glu	p.G129E	ENST00000371953	NM_000314.4	129.0	gGa/gAa											PASS	probably_damaging	1.0	deleterious	0.0			319.0	SUCCESS	False	COADREAD	True	True	True	Loss-of-function	32350270;10866302;9467011;32366478;21828076	Oncogenic				Capivasertib+Fulvestrant	GSK2636771,AZD8186			LEVEL_3B	LEVEL_3B		37256976;28645941;34281912;Hansen et al. Abstract# 2570, ASCO 2017.(http://ascopubs.org/doi/abs/10.1200/JCO.2017.35.15_suppl.2570)											single residue	5.95070750294617e-05	12.0	uterus:5|brain:2|lung:2|breast:1|prostate:1|soft_tissue:1	True	P60484	Tc-R-P	Polymorphic toxin system, DSP-PTPase phosphatase	True			False	0.0	0.755334938294823	urn:mavedb:00000013-a-1		p.Gly129Glu	13.0	a	1.0
TP53	7157.0	DFCI	GRCh37	17	7578479	7578479	+	missense_variant	Missense_Mutation	SNP	G	G	A	rs28934874		GENIE-DFCI-354814-7003673								Unknown		Somatic							434.0	18.0			ENST00000269305.4:c.451C>T	p.Pro151Ser	p.P151S	ENST00000269305	NM_001126112.2	151.0	Ccc/Tcc											PASS	possibly_damaging	0.798	deleterious	0.01			452.0	SUCCESS	False	SKCM	True	True	True	Loss-of-function	21903770	Oncogenic																						single residue	1.30026283538923e-57	79.0	bowel:12|head_neck:8|lung:7|breast:6|pancreas:6|ovary:5|skin:5|stomach:5|bladder:4|brain:4|unk:4|uterus:3|kidney:2|liver:2|prostate:2|soft_tissue:2|blood:1|thyroid:1	True	P04637	P53	P53 DNA-binding domain	True	Region	Interaction with AXIN1;Interaction with CCAR2;Interaction with HIPK1;Required for interaction with FBXO42;Required for interaction with ZNF385A	True	0.0	1.5065816318519336	urn:mavedb:00000068-a-1		p.Pro151Ser	68.0	a	1.0
TP53	7157.0	DFCI	GRCh37	17	7577536	7577536	+	missense_variant	Missense_Mutation	SNP	T	T	A	rs587782082		GENIE-DFCI-092131-350459								Unknown		Somatic							236.0	21.0			ENST00000269305.4:c.745A>T	p.Arg249Trp	p.R249W	ENST00000269305	NM_001126112.2	249.0	Agg/Tgg											PASS	possibly_damaging	0.838	deleterious	0.02			257.0	SUCCESS	False	PAAD	True	True	True	Likely Loss-of-function	23612969	Oncogenic																						single residue	1.28532741635959e-72	102.0	lung:33|liver:13|breast:7|brain:6|head_neck:6|stomach:6|pancreas:5|prostate:4|uterus:4|bladder:3|bowel:3|skin:3|unk:3|thyroid:2|adrenal_gland:1|lymph:1|ovary:1|soft_tissue:1	True	P04637	P53	P53 DNA-binding domain	True	Region	Interaction with AXIN1;Interaction with CCAR2;Interaction with HIPK1;Required for interaction with ZNF385A	True	4.0	2.2733315824426703	urn:mavedb:00000068-a-1		p.Arg249Trp	68.0	a	1.0
BRCA1	672.0	DFCI	GRCh37	17	41249282	41249282	+	missense_variant	Missense_Mutation	SNP	A	A	T	rs80357142		GENIE-DFCI-379296-4224343								Unknown		Somatic							40.0	28.0			ENST00000357654.3:c.572T>A	p.Val191Asp	p.V191D	ENST00000357654	NM_007294.3	191.0	gTt/gAt		3.97915e-06	0.0	0.0	0.0	0.0	0.0	8.79709e-06	0.0	0.0	PASS	benign	0.0	deleterious	0.0			68.0	SUCCESS	False	PAAD	True	True	True	Likely Neutral	23161852	Likely Neutral																										False	P38398			False			False	17.0	-0.0277942758885499	urn:mavedb:00000081-a-2		p.Val191Asp	81.0	a	2.0
KRAS	3845.0	DFCI	GRCh37	12	25398255	25398255	+	missense_variant	Missense_Mutation	SNP	G	G	T	rs121913236		GENIE-DFCI-169783-1844980								Unknown		Somatic							174.0	73.0			ENST00000256078.4:c.64C>A	p.Gln22Lys	p.Q22K	ENST00000256078	NM_033360.2	22.0	Cag/Aag											PASS	probably_damaging	0.982	deleterious	0.01			247.0	SUCCESS	False	LGGNOS	True	True	True	Gain-of-function	23059812;20570890;26284123;34117033;20949621;11095964	Oncogenic				Avutometinib+Defactinib	Trametinib,Cobimetinib,Binimetinib			LEVEL_3B	LEVEL_3B		40644648;33933896;25435214;24746704;23934108											single residue	0.0019130164353186	6.0	bowel:3|blood:1|lung:1|lymph:1	True	P01116	Ras	Ras family	True			False	0.0	0.2505687	urn:mavedb:00000115-a-7		p.Gln22Lys	115.0	a	7.0
BRCA1	672.0	DFCI	GRCh37	17	41256153	41256153	+	missense_variant	Missense_Mutation	SNP	C	C	T	rs80356991		GENIE-DFCI-136070-1049713								Unknown		Somatic							126.0	82.0			ENST00000357654.3:c.427G>A	p.Glu143Lys	p.E143K	ENST00000357654	NM_007294.3	143.0	Gaa/Aaa		8.36573e-05	0.0	2.89704e-05	0.0	0.000435587	4.6262e-05	6.16175e-05	0.0	0.000131182	PASS	benign	0.006	tolerated	0.1			208.0	SUCCESS	False	CHOL	True	True	True	Likely Neutral	23161852	Likely Neutral																										False	P38398			False			False	2.0	-0.1412361332357249	urn:mavedb:00000081-a-2		p.Glu143Lys	81.0	a	2.0
TP53	7157.0	DFCI	GRCh37	17	7577551	7577551	+	missense_variant	Missense_Mutation	SNP	C	C	T	rs1057519989		GENIE-DFCI-108829-571706								Unknown		Somatic							111.0	118.0			ENST00000269305.4:c.730G>A	p.Gly244Ser	p.G244S	ENST00000269305	NM_001126112.2	244.0	Ggc/Agc											PASS	probably_damaging	1.0	deleterious	0.0			229.0	SUCCESS	False	IDC	True	True	True	Loss-of-function	26818906	Oncogenic																						single residue	1.0002696468844498e-31	65.0	lung:17|brain:8|ovary:7|stomach:7|bowel:5|bladder:3|lymph:3|uterus:3|breast:2|head_neck:2|soft_tissue:2|biliary_tract:1|cervix:1|kidney:1|liver:1|pancreas:1|unk:1	True	P04637	P53	P53 DNA-binding domain	True	Region	Interaction with AXIN1;Interaction with CCAR2;Interaction with HIPK1;Interaction with the 53BP2 SH3 domain;Required for interaction with ZNF385A	True	1.0	1.6954045391826889	urn:mavedb:00000068-a-1		p.Gly244Ser	68.0	a	1.0
TP53	7157.0	DFCI	GRCh37	17	7577069	7577069	+	missense_variant	Missense_Mutation	SNP	C	C	T	rs55819519		GENIE-DFCI-449103-4584098								Unknown		Somatic							167.0	40.0			ENST00000269305.4:c.869G>A	p.Arg290His	p.R290H	ENST00000269305	NM_001126112.2	290.0	cGc/cAc		0.000155081	0.000123047	5.78202e-05	0.0	5.43656e-05	0.000415781	0.000210963	0.0	3.26648e-05	PASS	benign	0.0	tolerated	0.6			207.0	SUCCESS	False	LUSC	True	True	True	Likely Neutral	24076587;28369373;10435620	Likely Neutral																										False	P04637			False	Region	Disordered;Interaction with AXIN1;Interaction with CCAR2;Interaction with E4F1;Interaction with HIPK1;Required for interaction with ZNF385A	True	2.0	0.4731340778522766	urn:mavedb:00000068-a-1		p.Arg290His	68.0	a	1.0
PTEN	5728.0	DFCI	GRCh37	10	89692886	89692886	+	missense_variant	Missense_Mutation	SNP	T	T	C	rs121909223		GENIE-DFCI-111113-481748								Unknown		Somatic							254.0	95.0			ENST00000371953.3:c.370T>C	p.Cys124Arg	p.C124R	ENST00000371953	NM_000314.4	124.0	Tgt/Cgt											PASS	probably_damaging	0.999	deleterious	0.0			349.0	SUCCESS	False	MEL	True	True	True	Loss-of-function	32350270;10866302;9467011;32366478;21828076	Oncogenic				Capivasertib+Fulvestrant	GSK2636771,AZD8186			LEVEL_3B	LEVEL_3B		37256976;28645941;34281912;Hansen et al. Abstract# 2570, ASCO 2017.(http://ascopubs.org/doi/abs/10.1200/JCO.2017.35.15_suppl.2570)											single residue	0.0003694601060036	8.0	breast:4|bowel:1|prostate:1|thyroid:1|uterus:1	True	P60484	Tc-R-P	Polymorphic toxin system, DSP-PTPase phosphatase	True	Active site	Phosphocysteine intermediate	True	1.0	0.280032695674395	urn:mavedb:00000013-a-1		p.Cys124Arg	13.0	a	1.0
TP53	7157.0	DFCI	GRCh37	17	7577099	7577099	+	missense_variant	Missense_Mutation	SNP	C	C	T	rs121912660		GENIE-DFCI-037397-48884								Unknown		Somatic							248.0	127.0			ENST00000269305.4:c.839G>A	p.Arg280Lys	p.R280K	ENST00000269305	NM_001126112.2	280.0	aGa/aAa											PASS	probably_damaging	0.925	deleterious	0.04			375.0	SUCCESS	False	EGC	True	True	True	Loss-of-function	24714748	Oncogenic																						single residue	8.52038865841413e-39	109.0	bladder:33|lung:20|breast:10|head_neck:9|brain:5|skin:5|stomach:4|ovary:3|pancreas:3|uterus:3|bowel:2|liver:2|soft_tissue:2|thyroid:2|unk:2|biliary_tract:1|blood:1|cervix:1|prostate:1	True	P04637	P53	P53 DNA-binding domain	True	Region	Interaction with AXIN1;Interaction with CCAR2;Interaction with DNA;Interaction with E4F1;Interaction with HIPK1;Required for interaction with ZNF385A	True	0.0	0.3700450283381886	urn:mavedb:00000068-a-1		p.Arg280Lys	68.0	a	1.0
TP53	7157.0	DFCI	GRCh37	17	7577565	7577565	+	missense_variant	Missense_Mutation	SNP	T	T	C	rs1057519999		GENIE-DFCI-003342-3442								Unknown		Somatic							74.0	10.0			ENST00000269305.4:c.716A>G	p.Asn239Ser	p.N239S	ENST00000269305	NM_001126112.2	239.0	aAc/aGc											PASS	possibly_damaging	0.772	deleterious	0.03			84.0	SUCCESS	False	PRAD	True	True	True	Loss-of-function	22553460	Oncogenic																						single residue	3.8372975203483283e-34	41.0	lung:7|uterus:7|breast:6|head_neck:3|kidney:3|prostate:3|bowel:2|lymph:2|pancreas:2|adrenal_gland:1|bladder:1|brain:1|liver:1|ovary:1|stomach:1	True	P04637	P53	P53 DNA-binding domain	True	Region	Interaction with AXIN1;Interaction with CCAR2;Interaction with HIPK1;Required for interaction with ZNF385A	True	0.0	0.9631454210330278	urn:mavedb:00000068-a-1		p.Asn239Ser	68.0	a	1.0
TP53	7157.0	DFCI	GRCh37	17	7579329	7579329	+	missense_variant	Missense_Mutation	SNP	T	T	C	rs121912658		GENIE-DFCI-003777-641								Unknown		Somatic							21.0	4.0			ENST00000269305.4:c.358A>G	p.Lys120Glu	p.K120E	ENST00000269305	NM_001126112.2	120.0	Aag/Gag											PASS	probably_damaging	1.0	deleterious	0.0			25.0	SUCCESS	False	LUAD	True	True	True	Loss-of-function	18524770;24814347;17189187	Oncogenic																						single residue	0.0176054406780031	9.0	brain:4|lung:2|head_neck:1|skin:1|stomach:1	True	P04637	P53	P53 DNA-binding domain	True	Modified residue;Region;Site	Interaction with AXIN1;Interaction with CCAR2;Interaction with DNA;Interaction with HIPK1;N6-acetyllysine;N6-lactoyllysine;Required for interaction with FBXO42;Required for interaction with ZNF385A	True	0.0	0.5793028412894425	urn:mavedb:00000068-a-1		p.Lys120Glu	68.0	a	1.0
BRCA1	672.0	DFCI	GRCh37	17	41256155	41256155	+	missense_variant	Missense_Mutation	SNP	G	G	T	rs55971303		GENIE-DFCI-000413-9068								Unknown		Somatic							164.0	67.0			ENST00000357654.3:c.425C>A	p.Pro142His	p.P142H	ENST00000357654	NM_007294.3	142.0	cCc/cAc		9.97423e-05	0.0	0.000290731	0.0	0.0	0.0	0.000114499	0.000327011	0.0	PASS	possibly_damaging	0.85	tolerated	0.05			231.0	SUCCESS	False	UCEC	True	True	True	Likely Neutral	30617304;17924331;26085381;23867111;16489001;23161852;18936166	Likely Neutral																										False	P38398			False			False	1.0	-0.0817239993770562	urn:mavedb:00000081-a-2		p.Pro142His	81.0	a	2.0
PTEN	5728.0	DFCI	GRCh37	10	89692901	89692901	+	missense_variant	Missense_Mutation	SNP	G	G	A	rs786204929		GENIE-DFCI-009576-8540								Unknown		Somatic							123.0	601.0			ENST00000371953.3:c.385G>A	p.Gly129Arg	p.G129R	ENST00000371953	NM_000314.4	129.0	Gga/Aga											PASS	probably_damaging	1.0	deleterious	0.0			724.0	SUCCESS	False	UEC	True	True	True	Loss-of-function	32350270;10866302;9811831;32366478;21828076	Oncogenic				Capivasertib+Fulvestrant	GSK2636771,AZD8186			LEVEL_3B	LEVEL_3B		37256976;28645941;34281912;Hansen et al. Abstract# 2570, ASCO 2017.(http://ascopubs.org/doi/abs/10.1200/JCO.2017.35.15_suppl.2570)											single residue	5.95070750294617e-05	12.0	uterus:5|brain:2|lung:2|breast:1|prostate:1|soft_tissue:1	True	P60484	Tc-R-P	Polymorphic toxin system, DSP-PTPase phosphatase	True			False	0.0	0.488615062431636	urn:mavedb:00000013-a-1		p.Gly129Arg	13.0	a	1.0
PTEN	5728.0	DFCI	GRCh37	10	89720853	89720853	+	missense_variant	Missense_Mutation	SNP	G	G	T			GENIE-DFCI-091107-266272								Unknown		Somatic							100.0	10.0			ENST00000371953.3:c.1004G>T	p.Arg335Leu	p.R335L	ENST00000371953	NM_000314.4	335.0	cGa/cTa											PASS	possibly_damaging	0.866	tolerated	0.06			110.0	SUCCESS	False	MEL	True	True	True	Loss-of-function	21828076	Oncogenic				Capivasertib+Fulvestrant	GSK2636771,AZD8186			LEVEL_3B	LEVEL_3B		37256976;28645941;34281912;Hansen et al. Abstract# 2570, ASCO 2017.(http://ascopubs.org/doi/abs/10.1200/JCO.2017.35.15_suppl.2570)															False	P60484	PTEN_C2	C2 domain of PTEN tumour-suppressor protein	True			False	2.0	0.981700494842477	urn:mavedb:00000013-a-1		p.Arg335Leu	13.0	a	1.0
KRAS	3845.0	DFCI	GRCh37	12	25380275	25380276	+	missense_variant	Missense_Mutation	DNP	TT	TT	CA			GENIE-DFCI-132179-1358868								Unknown		Somatic							365.0	206.0			ENST00000256078.4:c.182_183delinsTG	p.Gln61Leu	p.Q61L	ENST00000256078	NM_033360.2	61.0	cAA/cTG											PASS	possibly_damaging	0.631	deleterious	0.0			571.0	SUCCESS	False	PAAD	True	True	True	Gain-of-function	25437878;28572459;26854029	Oncogenic				Avutometinib+Defactinib	Trametinib,Cobimetinib,Binimetinib			LEVEL_3B	LEVEL_3B		40644648;33933896;25435214;24746704;23934108											single residue	0.0	190.0	pancreas:64|bowel:31|lung:28|blood:17|biliary_tract:8|thyroid:8|testis:6|bladder:5|stomach:5|prostate:4|uterus:4|skin:2|unk:2|ampulla_of_vater:1|brain:1|breast:1|liver:1|penis:1|soft_tissue:1	True	P01116	Ras	Ras family	True			False	1.0	0.24016562	urn:mavedb:00000115-a-7		p.Gln61Leu	115.0	a	7.0
TP53	7157.0	DFCI	GRCh37	17	7577085	7577085	+	missense_variant	Missense_Mutation	SNP	C	C	G			GENIE-DFCI-374633-4036272								Unknown		Somatic							99.0	110.0			ENST00000269305.4:c.853G>C	p.Glu285Gln	p.E285Q	ENST00000269305	NM_001126112.2	285.0	Gag/Cag											PASS	probably_damaging	0.988	deleterious	0.03			209.0	SUCCESS	False	BRCA	True	True	True	Likely Neutral	29979965;11596036;30224644;27328919;12826609	Likely Neutral																						single residue	1.42429549670277e-26	99.0	bladder:33|lung:15|breast:10|stomach:8|skin:6|bowel:5|head_neck:5|unk:4|biliary_tract:3|cervix:2|prostate:2|adrenal_gland:1|bone:1|lymph:1|pleura:1|thyroid:1|uterus:1	True	P04637	P53	P53 DNA-binding domain	True	Region	Disordered;Interaction with AXIN1;Interaction with CCAR2;Interaction with E4F1;Interaction with HIPK1;Required for interaction with ZNF385A	True	5.0	0.2113320168578842	urn:mavedb:00000068-a-1		p.Glu285Gln	68.0	a	1.0
KRAS	3845.0	DFCI	GRCh37	12	25380282	25380282	+	missense_variant	Missense_Mutation	SNP	G	G	C			GENIE-DFCI-150204-2021667								Unknown		Somatic							418.0	26.0			ENST00000256078.4:c.176C>G	p.Ala59Gly	p.A59G	ENST00000256078	NM_033360.2	59.0	gCa/gGa											PASS	benign	0.418	deleterious	0.01			444.0	SUCCESS	False	ESCA	True	True	True	Gain-of-function	28572459;26841430;27147599	Oncogenic				Avutometinib+Defactinib	Trametinib,Cobimetinib,Binimetinib			LEVEL_3B	LEVEL_3B		40644648;33933896;25435214;24746704;23934108											single residue	3.18311796039066e-09	12.0	blood:3|lung:3|bowel:2|stomach:2|kidney:1|prostate:1	True	P01116	Ras	Ras family	True	Binding site		True	1.0	0.054974835	urn:mavedb:00000115-a-7		p.Ala59Gly	115.0	a	7.0
TP53	7157.0	DFCI	GRCh37	17	7578394	7578394	+	missense_variant	Missense_Mutation	SNP	T	T	A	rs1057519991		GENIE-DFCI-035495-74921								Unknown		Somatic							116.0	55.0			ENST00000269305.4:c.536A>T	p.His179Leu	p.H179L	ENST00000269305	NM_001126112.2	179.0	cAt/cTt											PASS	benign	0.396	tolerated	0.12			171.0	SUCCESS	False	BRCA	True	True	True	Loss-of-function	23150443	Oncogenic																						single residue	9.186182005801221e-150	149.0	lung:33|breast:17|brain:16|head_neck:13|pancreas:13|stomach:11|bowel:9|ovary:6|skin:6|uterus:6|prostate:4|bladder:3|liver:3|soft_tissue:3|unk:2|biliary_tract:1|blood:1|bone:1|thyroid:1	True	P04637	P53	P53 DNA-binding domain	True	Binding site;Region	Interaction with AXIN1;Interaction with CCAR2;Interaction with HIPK1;Required for interaction with FBXO42;Required for interaction with ZNF385A	True	1.0	2.286605125646544	urn:mavedb:00000068-a-1		p.His179Leu	68.0	a	1.0
PTEN	5728.0	DFCI	GRCh37	10	89692908	89692908	+	missense_variant	Missense_Mutation	SNP	C	C	T	rs397514560		GENIE-DFCI-036488-74601								Unknown		Somatic							60.0	87.0			ENST00000371953.3:c.392C>T	p.Thr131Ile	p.T131I	ENST00000371953	NM_000314.4	131.0	aCt/aTt											PASS	probably_damaging	0.999	deleterious	0.02			147.0	SUCCESS	False	GB	True	True	True	Loss-of-function	32350270;32366478;21828076	Oncogenic				Capivasertib+Fulvestrant	GSK2636771,AZD8186			LEVEL_3B	LEVEL_3B		37256976;28645941;34281912;Hansen et al. Abstract# 2570, ASCO 2017.(http://ascopubs.org/doi/abs/10.1200/JCO.2017.35.15_suppl.2570)															False	P60484	Tc-R-P	Polymorphic toxin system, DSP-PTPase phosphatase	True			False	1.0	0.72384315974061	urn:mavedb:00000013-a-1		p.Thr131Ile	13.0	a	1.0
BRCA1	672.0	DFCI	GRCh37	17	41256182	41256182	+	missense_variant	Missense_Mutation	SNP	C	C	T	rs80357357		GENIE-DFCI-002868-3322								Unknown		Somatic							124.0	106.0			ENST00000357654.3:c.398G>A	p.Arg133His	p.R133H	ENST00000357654	NM_007294.3	133.0	cGt/cAt		7.95412e-06	0.000123047	0.0	0.0	0.0	0.0	0.0	0.0	0.0	PASS	possibly_damaging	0.818	deleterious	0.0			230.0	SUCCESS	False	GBM	True	True	True	Neutral	23161852	Likely Neutral																										False	P38398			False			False	3.0	0.141116723547975	urn:mavedb:00000081-a-2		p.Arg133His	81.0	a	2.0
TP53	7157.0	DFCI	GRCh37	17	7577520	7577520	+	missense_variant	Missense_Mutation	SNP	A	A	G			GENIE-DFCI-117912-710547								Unknown		Somatic							156.0	98.0			ENST00000269305.4:c.761T>C	p.Ile254Thr	p.I254T	ENST00000269305	NM_001126112.2	254.0	aTc/aCc											PASS	probably_damaging	1.0	deleterious	0.0			254.0	SUCCESS	False	IDC	True	True	True	Loss-of-function	25584008	Oncogenic																										False	P04637	P53	P53 DNA-binding domain	True	Region	Interaction with AXIN1;Interaction with CCAR2;Interaction with HIPK1;Required for interaction with ZNF385A	True	0.0	0.9476187176038016	urn:mavedb:00000068-a-1		p.Ile254Thr	68.0	a	1.0
PTEN	5728.0	DFCI	GRCh37	10	89692892	89692892	+	missense_variant	Missense_Mutation	SNP	G	G	T			GENIE-DFCI-004447-995								Unknown		Somatic							219.0	160.0			ENST00000371953.3:c.376G>T	p.Ala126Ser	p.A126S	ENST00000371953	NM_000314.4	126.0	Gct/Tct											PASS	probably_damaging	0.998	deleterious	0.0			379.0	SUCCESS	False	UEC	True	True	True	Loss-of-function	21828076	Oncogenic				Capivasertib+Fulvestrant	GSK2636771,AZD8186			LEVEL_3B	LEVEL_3B		37256976;28645941;34281912;Hansen et al. Abstract# 2570, ASCO 2017.(http://ascopubs.org/doi/abs/10.1200/JCO.2017.35.15_suppl.2570)											single residue	0.0003554224243965	11.0	breast:4|stomach:2|uterus:2|brain:1|soft_tissue:1|unk:1	True	P60484	Tc-R-P	Polymorphic toxin system, DSP-PTPase phosphatase	True			False	1.0	1.08663809349629	urn:mavedb:00000013-a-1		p.Ala126Ser	13.0	a	1.0
TP53	7157.0	DFCI	GRCh37	17	7578206	7578206	+	missense_variant	Missense_Mutation	SNP	T	T	C	rs886039484		GENIE-DFCI-002510-867								Unknown		Somatic							74.0	51.0			ENST00000269305.4:c.643A>G	p.Ser215Gly	p.S215G	ENST00000269305	NM_001126112.2	215.0	Agt/Ggt											PASS	probably_damaging	1.0	deleterious	0.01			125.0	SUCCESS	False	LUAD	True	True	True	Loss-of-function	26619011;17724467;22862161;8023157;11900253	Oncogenic																						single residue	1.43787287066506e-36	50.0	lung:14|bowel:6|pancreas:5|prostate:4|stomach:4|liver:3|brain:2|breast:2|ovary:2|uterus:2|bladder:1|blood:1|head_neck:1|kidney:1|soft_tissue:1|thyroid:1	True	P04637	P53	P53 DNA-binding domain	True	Region	Interaction with AXIN1;Interaction with CCAR2;Interaction with HIPK1;Required for interaction with FBXO42;Required for interaction with ZNF385A	True	2.0	1.4681237550323951	urn:mavedb:00000068-a-1		p.Ser215Gly	68.0	a	1.0
KRAS	3845.0	DFCI	GRCh37	12	25398262	25398262	+	missense_variant	Missense_Mutation	SNP	C	C	G	rs121913538		GENIE-DFCI-006918-3805								Unknown		Somatic							128.0	12.0			ENST00000256078.4:c.57G>C	p.Leu19Phe	p.L19F	ENST00000256078	NM_033360.2	19.0	ttG/ttC		0.0	0.0	0.0	0.0	0.0	0.0	0.0	0.0	0.0	PASS	probably_damaging	0.999	deleterious	0.01			140.0	SUCCESS	False	BLL	True	True	True	Gain-of-function	20147967;28572459;17150185	Oncogenic																						single residue	3.71800769373073e-05	12.0	lung:3|bladder:2|bowel:2|biliary_tract:1|blood:1|lymph:1|stomach:1|unk:1	True	P01116	Ras	Ras family	True			False	3.0	0.36134487	urn:mavedb:00000115-a-7		p.Leu19Phe	115.0	a	7.0
PTEN	5728.0	DFCI	GRCh37	10	89653808	89653808	+	missense_variant	Missense_Mutation	SNP	G	G	C	rs786204854		GENIE-DFCI-214631-3103289								Unknown		Somatic							68.0	50.0			ENST00000371953.3:c.106G>C	p.Gly36Arg	p.G36R	ENST00000371953	NM_000314.4	36.0	Gga/Cga											PASS	probably_damaging	0.999	deleterious	0.04			118.0	SUCCESS	False	HGGNOS	True	True	True	Loss-of-function	22536362;10560660;21828076	Oncogenic				Capivasertib+Fulvestrant	GSK2636771,AZD8186			LEVEL_3B	LEVEL_3B		37256976;28645941;34281912;Hansen et al. Abstract# 2570, ASCO 2017.(http://ascopubs.org/doi/abs/10.1200/JCO.2017.35.15_suppl.2570)															False	P60484			False			False	0.0	0.670366063895785	urn:mavedb:00000013-a-1		p.Gly36Arg	13.0	a	1.0
PTEN	5728.0	DFCI	GRCh37	10	89692895	89692895	+	missense_variant	Missense_Mutation	SNP	G	G	A	rs587781255		GENIE-DFCI-005147-853								Unknown		Somatic							20.0	90.0			ENST00000371953.3:c.379G>A	p.Gly127Arg	p.G127R	ENST00000371953	NM_000314.4	127.0	Gga/Aga											PASS	probably_damaging	1.0	deleterious	0.0			110.0	SUCCESS	False	UEC	True	True	True	Loss-of-function	32350270;32366478	Oncogenic				Capivasertib+Fulvestrant	GSK2636771,AZD8186			LEVEL_3B	LEVEL_3B		37256976;28645941;34281912;Hansen et al. Abstract# 2570, ASCO 2017.(http://ascopubs.org/doi/abs/10.1200/JCO.2017.35.15_suppl.2570)											single residue	3.07055801003565e-05	14.0	uterus:4|lung:3|brain:2|liver:1|skin:1|soft_tissue:1|stomach:1|testis:1	True	P60484	Tc-R-P	Polymorphic toxin system, DSP-PTPase phosphatase	True			False	2.0	0.490890563241277	urn:mavedb:00000013-a-1		p.Gly127Arg	13.0	a	1.0
PTEN	5728.0	DFCI	GRCh37	10	89692889	89692889	+	missense_variant	Missense_Mutation	SNP	A	A	G			GENIE-DFCI-037952-74633								Unknown		Somatic							192.0	7.0			ENST00000371953.3:c.373A>G	p.Lys125Glu	p.K125E	ENST00000371953	NM_000314.4	125.0	Aaa/Gaa											PASS	probably_damaging	0.996	deleterious	0.0			199.0	SUCCESS	False	UEC	True	True	True	Loss-of-function	20926450;21828076	Oncogenic				Capivasertib+Fulvestrant	GSK2636771,AZD8186			LEVEL_3B	LEVEL_3B		37256976;28645941;34281912;Hansen et al. Abstract# 2570, ASCO 2017.(http://ascopubs.org/doi/abs/10.1200/JCO.2017.35.15_suppl.2570)															False	P60484	Tc-R-P	Polymorphic toxin system, DSP-PTPase phosphatase	True			False	0.0	1.00954977744054	urn:mavedb:00000013-a-1		p.Lys125Glu	13.0	a	1.0
KRAS	3845.0	DFCI	GRCh37	12	25398280	25398281	+	missense_variant	Missense_Mutation	DNP	GC	GC	AA			GENIE-DFCI-104082-437230								Unknown		Somatic							181.0	13.0			ENST00000256078.4:c.38_39delinsTT	p.Gly13Val	p.G13V	ENST00000256078	NM_033360.2	13.0	gGC/gTT											PASS	probably_damaging	0.98	deleterious	0.02			194.0	SUCCESS	False	COAD	True	True	True	Gain-of-function	26619011;32929330	Oncogenic				Avutometinib+Defactinib	Trametinib,Cobimetinib,Binimetinib			LEVEL_R1	LEVEL_3B		20921465;21228335;20619739;24024839;18316791;30857956;40644648;33933896;25435214;24746704;23934108											single residue	0.0	264.0	bowel:130|lung:57|stomach:17|blood:12|uterus:12|pancreas:7|unk:5|biliary_tract:4|cervix:4|bladder:3|lymph:3|skin:2|soft_tissue:2|ampulla_of_vater:1|brain:1|breast:1|liver:1|ovary:1|testis:1	True	P01116	Ras	Ras family	True	Binding site		True	1.0	0.5345003	urn:mavedb:00000115-a-7		p.Gly13Val	115.0	a	7.0
BRCA1	672.0	DFCI	GRCh37	17	41258504	41258504	+	missense_variant	Missense_Mutation	SNP	A	A	C	rs28897672		GENIE-DFCI-010819-9098								Unknown		Somatic							44.0	143.0			ENST00000357654.3:c.181T>G	p.Cys61Gly	p.C61G	ENST00000357654	NM_007294.3	61.0	Tgt/Ggt		3.19038e-05	0.0	0.0	0.0	0.0	4.62321e-05	6.16849e-05	0.0	0.0	PASS	benign	0.026	deleterious	0.0			187.0	SUCCESS	False	MIXED	True	True	True	Loss-of-function	14729053;26246475;20103620;23867111;22034435;15569676;23161852;16403807	Oncogenic				Olaparib,Talazoparib,Olaparib+Bevacizumab,Rucaparib,Olaparib+Abiraterone+Prednisone,Niraparib,Talazoparib+Enzalutamide				LEVEL_3B	LEVEL_3B		36082969;25366685;24882434;30110579;36394867;37992259;30563931;Dhawan et al. Abstract# 2527, ASCO 2017.(https://ascopubs.org/doi/abs/10.1200/JCO.2017.35.15_suppl.2527);32795228;Clarke et al. Abstract# LBA16, ASCO GUCS 2023.(https://ascopubs.org/doi/abs/10.1200/JCO.2023.41.6_suppl.LBA16);30948273;27717299;31562799;37285865															False	P38398	zf-C3HC4	Zinc finger, C3HC4 type (RING finger)	True			False	3.0	-1.13959895587825	urn:mavedb:00000081-a-2		p.Cys61Gly	81.0	a	2.0
KRAS	3845.0	DFCI	GRCh37	12	25398285	25398286	+	missense_variant	Missense_Mutation	DNP	CA	CA	TC			GENIE-DFCI-180250-3036143								Unknown		Somatic							260.0	66.0			ENST00000256078.4:c.33_34delinsGA	p.Gly12Ser	p.G12S	ENST00000256078	NM_033360.2	11.0	gcTGgt/gcGAgt											PASS							326.0	SUCCESS	False	LUAD	True	True	True	Gain-of-function	28572459;25284075;26184075	Oncogenic			Daraxonrasib	Avutometinib+Defactinib	Trametinib,Cobimetinib,Binimetinib			LEVEL_3A	LEVEL_3A		38593348;Koltun et al. Abstract# 3597, AACR 2022.(https://aacrjournals.org/cancerres/article/82/12_Supplement/3597/702320);Arbour, KC. et al., Abstract#6520, Annals of Oncol., 2023.(https://www.annalsofoncology.org/article/S0923-7534%2823%2902675-3/fulltext);Singh et al. Abstract  # 3597, AACR 2022.(https://s3.us-west-2.amazonaws.com/rvmdpubs.revmed.com/2022/AACR_2022_Singh.pdf);40644648;33933896;25435214;24746704;23934108											single residue	0.0	2175.0	pancreas:745|lung:570|bowel:500|uterus:84|unk:42|stomach:40|bladder:36|ovary:25|biliary_tract:21|testis:19|breast:15|cervix:15|blood:13|ampulla_of_vater:10|soft_tissue:8|brain:6|kidney:5|prostate:4|skin:4|head_neck:3|thyroid:3|lymph:2|thymus:2|bone:1|liver:1|vulva:1	True	P01116	Ras	Ras family	True	Binding site		True	0.0	0.39532286	urn:mavedb:00000115-a-7		p.Gly12Ser	115.0	a	7.0
TP53	7157.0	DFCI	GRCh37	17	7577121	7577121	+	missense_variant	Missense_Mutation	SNP	G	G	C			GENIE-DFCI-005005-4679								Unknown		Somatic							53.0	74.0			ENST00000269305.4:c.817C>G	p.Arg273Gly	p.R273G	ENST00000269305	NM_001126112.2	273.0	Cgt/Ggt											PASS	probably_damaging	0.997	deleterious	0.0			127.0	SUCCESS	False	LUAD	True	True	True	Likely Neutral	26619011;37697151;24677579	Likely Neutral																						single residue	0.0	609.0	brain:113|bowel:105|lung:78|stomach:74|breast:43|ovary:37|uterus:30|head_neck:29|pancreas:27|prostate:18|bladder:11|kidney:7|unk:6|blood:5|soft_tissue:5|biliary_tract:4|bone:3|liver:3|lymph:3|thyroid:3|skin:2|adrenal_gland:1|ampulla_of_vater:1|thymus:1	True	P04637	P53	P53 DNA-binding domain	True	Region	Interaction with AXIN1;Interaction with CCAR2;Interaction with DNA;Interaction with E4F1;Interaction with HIPK1;Required for interaction with ZNF385A	True	1.0	1.7951773644879423	urn:mavedb:00000068-a-1		p.Arg273Gly	68.0	a	1.0
KRAS	3845.0	DFCI	GRCh37	12	25398218	25398218	+	missense_variant	Missense_Mutation	SNP	G	G	A	rs104894366		GENIE-DFCI-004389-730								Unknown		Somatic							95.0	38.0			ENST00000256078.4:c.101C>T	p.Pro34Leu	p.P34L	ENST00000256078	NM_033360.2	34.0	cCa/cTa											PASS	probably_damaging	1.0	deleterious	0.0			133.0	SUCCESS	False	CSCC	True	True	True	Gain-of-function	16474405;20949621	Oncogenic				Avutometinib+Defactinib	Trametinib,Cobimetinib,Binimetinib			LEVEL_3B	LEVEL_3B		40644648;33933896;25435214;24746704;23934108															False	P01116	Ras	Ras family	True	Binding site;Motif	Effector region	True	12.0	0.3435766	urn:mavedb:00000115-a-7		p.Pro34Leu	115.0	a	7.0
TP53	7157.0	DFCI	GRCh37	17	7573948	7573948	+	missense_variant	Missense_Mutation	SNP	C	C	A	rs35993958		GENIE-DFCI-010298-10108								Unknown		Somatic							4.0	98.0			ENST00000269305.4:c.1079G>T	p.Gly360Val	p.G360V	ENST00000269305	NM_001126112.2	360.0	gGg/gTg		5.59016e-05	0.0	5.79542e-05	0.0	0.0	0.0	7.95348e-05	0.000327118	3.27633e-05	PASS	benign	0.04	tolerated	0.59			102.0	SUCCESS	False	EMBT	True	True	True	Inconclusive	29979965;34810298;27297285;33257846;30224644;27328919;12826609	Likely Neutral																										False	P04637			False	Region	Disordered;Interaction with CARM1;Interaction with HIPK1;Interaction with HIPK2;Interaction with USP7	True	33.0	-0.6082654198726173	urn:mavedb:00000068-a-1		p.Gly360Val	68.0	a	1.0
PTEN	5728.0	DFCI	GRCh37	10	89692794	89692794	+	missense_variant	Missense_Mutation	SNP	A	A	G	rs121909238		GENIE-DFCI-009243-7173								Unknown		Somatic							174.0	28.0			ENST00000371953.3:c.278A>G	p.His93Arg	p.H93R	ENST00000371953	NM_000314.4	93.0	cAt/cGt											PASS	probably_damaging	0.998	deleterious	0.03			202.0	SUCCESS	False	LUAD	True	True	True	Loss-of-function	32350270;32366478;21828076	Oncogenic				Capivasertib+Fulvestrant	GSK2636771,AZD8186			LEVEL_3B	LEVEL_3B		37256976;28645941;34281912;Hansen et al. Abstract# 2570, ASCO 2017.(http://ascopubs.org/doi/abs/10.1200/JCO.2017.35.15_suppl.2570)											single residue	2.90249120822907e-08	12.0	uterus:3|brain:2|breast:2|bladder:1|bowel:1|head_neck:1|skin:1|soft_tissue:1	True	P60484	Tc-R-P	Polymorphic toxin system, DSP-PTPase phosphatase	True			False	3.0	0.816582533433714	urn:mavedb:00000013-a-1		p.His93Arg	13.0	a	1.0
BRCA1	672.0	DFCI	GRCh37	17	41267784	41267784	+	missense_variant	Missense_Mutation	SNP	G	G	C	rs80357000		GENIE-DFCI-080998-350781								Unknown		Somatic							124.0	22.0			ENST00000357654.3:c.93C>G	p.Ile31Met	p.I31M	ENST00000357654	NM_007294.3	31.0	atC/atG		3.98807e-06	0.0	0.0	0.0	0.0	0.0	8.82472e-06	0.0	0.0	PASS	probably_damaging	0.916	deleterious	0.0			146.0	SUCCESS	False	PDC	True	True	True	Neutral	23161852;20103620;16403807	Likely Neutral																										False	P38398	zf-C3HC4	Zinc finger, C3HC4 type (RING finger)	True			False	7.0	0.127917645067475	urn:mavedb:00000081-a-2		p.Ile31Met	81.0	a	2.0
TP53	7157.0	DFCI	GRCh37	17	7578227	7578227	+	missense_variant	Missense_Mutation	SNP	C	C	T			GENIE-DFCI-009127-6822								Unknown		Somatic							67.0	35.0			ENST00000269305.4:c.622G>A	p.Asp208Asn	p.D208N	ENST00000269305	NM_001126112.2	208.0	Gac/Aac											PASS	possibly_damaging	0.696	deleterious	0.03			102.0	SUCCESS	False	BLCA	True	True	True	Likely Neutral	29979965;8768871;30224644;27328919;12826609	Likely Neutral																						single residue	0.0123251218508829	12.0	breast:4|lung:3|brain:2|bladder:1|ovary:1|uterus:1	True	P04637	P53	P53 DNA-binding domain	True	Region	Interaction with AXIN1;Interaction with CCAR2;Interaction with HIPK1;Required for interaction with FBXO42;Required for interaction with ZNF385A	True	3.0	0.0960849267758526	urn:mavedb:00000068-a-1		p.Asp208Asn	68.0	a	1.0
KRAS	3845.0	DFCI	GRCh37	12	25398280	25398281	+	missense_variant	Missense_Mutation	DNP	GC	GC	AT			GENIE-DFCI-111329-853508								Unknown		Somatic							150.0	24.0			ENST00000256078.4:c.38_39delinsAT	p.Gly13Asp	p.G13D	ENST00000256078	NM_033360.2	13.0	gGC/gAT											PASS	benign	0.44	deleterious	0.04			174.0	SUCCESS	False	COADREAD	True	True	True	Gain-of-function	28572459;22722830;32792368;20147967;26037647	Oncogenic				Avutometinib+Defactinib	Trametinib,Cobimetinib,Binimetinib			LEVEL_R1	LEVEL_3B		20921465;21228335;20619739;24024839;18316791;30857956;40644648;33933896;25435214;24746704;23934108											single residue	0.0	264.0	bowel:130|lung:57|stomach:17|blood:12|uterus:12|pancreas:7|unk:5|biliary_tract:4|cervix:4|bladder:3|lymph:3|skin:2|soft_tissue:2|ampulla_of_vater:1|brain:1|breast:1|liver:1|ovary:1|testis:1	True	P01116	Ras	Ras family	True	Binding site		True	1.0	0.22506452	urn:mavedb:00000115-a-7		p.Gly13Asp	115.0	a	7.0
KRAS	3845.0	DFCI	GRCh37	12	25378647	25378647	+	missense_variant	Missense_Mutation	SNP	T	T	A	rs770248150		GENIE-DFCI-001402-4770								Unknown		Somatic							160.0	20.0			ENST00000256078.4:c.351A>T	p.Lys117Asn	p.K117N	ENST00000256078	NM_033360.2	117.0	aaA/aaT											PASS	probably_damaging	0.994	deleterious	0.01			180.0	SUCCESS	False	READ	True	True	True	Gain-of-function	20147967;28572459;20570890	Oncogenic				Avutometinib+Defactinib	Trametinib,Cobimetinib,Binimetinib			LEVEL_R1	LEVEL_3B		20921465;21228335;20619739;24024839;18316791;30857956;40644648;33933896;25435214;24746704;23934108											single residue	5.40950832194339e-24	18.0	bowel:9|blood:3|stomach:2|liver:1|skin:1|soft_tissue:1|unk:1	True	P01116	Ras	Ras family	True	Binding site		True	1.0	0.1866422	urn:mavedb:00000115-a-7		p.Lys117Asn	115.0	a	7.0
PTEN	5728.0	DFCI	GRCh37	10	89692905	89692905	+	missense_variant	Missense_Mutation	SNP	G	G	T	rs121909229		GENIE-DFCI-108339-526578								Unknown		Somatic							311.0	191.0			ENST00000371953.3:c.389G>T	p.Arg130Leu	p.R130L	ENST00000371953	NM_000314.4	130.0	cGa/cTa											PASS	probably_damaging	0.999	deleterious	0.0			502.0	SUCCESS	False	NECNOS	True	True	True	Loss-of-function	32350270;10866302;9467011;32366478	Oncogenic				Capivasertib+Fulvestrant	GSK2636771,AZD8186			LEVEL_3B	LEVEL_3B		37256976;28645941;34281912;Hansen et al. Abstract# 2570, ASCO 2017.(http://ascopubs.org/doi/abs/10.1200/JCO.2017.35.15_suppl.2570)											single residue	1.9165879686530897e-210	168.0	uterus:83|brain:14|breast:14|bowel:13|lung:8|prostate:8|skin:5|cervix:4|head_neck:4|stomach:3|biliary_tract:2|kidney:2|ovary:2|soft_tissue:2|penis:1|pleura:1|thyroid:1|unk:1	True	P60484	Tc-R-P	Polymorphic toxin system, DSP-PTPase phosphatase	True			False	0.0	1.19384659313195	urn:mavedb:00000013-a-1		p.Arg130Leu	13.0	a	1.0
KRAS	3845.0	DFCI	GRCh37	12	25380283	25380283	+	missense_variant	Missense_Mutation	SNP	C	C	T	rs121913528		GENIE-DFCI-036514-74297								Unknown		Somatic							355.0	180.0			ENST00000256078.4:c.175G>A	p.Ala59Thr	p.A59T	ENST00000256078	NM_033360.2	59.0	Gca/Aca											PASS	possibly_damaging	0.692	tolerated	0.06			535.0	SUCCESS	False	UEC	True	True	True	Gain-of-function	26619011;31816869;34117033	Oncogenic				Avutometinib+Defactinib	Trametinib,Cobimetinib,Binimetinib			LEVEL_3B	LEVEL_3B		40644648;33933896;25435214;24746704;23934108											single residue	3.18311796039066e-09	12.0	blood:3|lung:3|bowel:2|stomach:2|kidney:1|prostate:1	True	P01116	Ras	Ras family	True	Binding site		True	1.0	0.04341055	urn:mavedb:00000115-a-7		p.Ala59Thr	115.0	a	7.0
KRAS	3845.0	DFCI	GRCh37	12	25398283	25398284	+	missense_variant	Missense_Mutation	DNP	AC	AC	CA			GENIE-DFCI-007696-4019								Unknown		Somatic							135.0	54.0			ENST00000256078.4:c.35_36delinsTG	p.Gly12Val	p.G12V	ENST00000256078	NM_033360.2	12.0	gGT/gTG											PASS	probably_damaging	0.972	deleterious	0.0			189.0	SUCCESS	False	COAD	True	True	True	Gain-of-function	20516123;20949621;30341394;28572459;25359494;20570890;12957286;20147967	Oncogenic				Avutometinib+Defactinib	Daraxonrasib,Trametinib,Cobimetinib,Binimetinib			LEVEL_R1	LEVEL_3B		20921465;21228335;20619739;24024839;18316791;30857956;40644648;Koltun et al. Abstract# 3597, AACR 2022.(https://aacrjournals.org/cancerres/article/82/12_Supplement/3597/702320);Singh et al. Abstract  # 3597, AACR 2022.(https://s3.us-west-2.amazonaws.com/rvmdpubs.revmed.com/2022/AACR_2022_Singh.pdf);33933896;25435214;24746704;23934108											single residue	0.0	2175.0	pancreas:745|lung:570|bowel:500|uterus:84|unk:42|stomach:40|bladder:36|ovary:25|biliary_tract:21|testis:19|breast:15|cervix:15|blood:13|ampulla_of_vater:10|soft_tissue:8|brain:6|kidney:5|prostate:4|skin:4|head_neck:3|thyroid:3|lymph:2|thymus:2|bone:1|liver:1|vulva:1	True	P01116	Ras	Ras family	True	Binding site		True	0.0	0.41398332	urn:mavedb:00000115-a-7		p.Gly12Val	115.0	a	7.0
TP53	7157.0	DFCI	GRCh37	17	7577111	7577111	+	missense_variant	Missense_Mutation	SNP	G	G	A			GENIE-DFCI-037418-159007								Unknown		Somatic							376.0	109.0			ENST00000269305.4:c.827C>T	p.Ala276Val	p.A276V	ENST00000269305	NM_001126112.2	276.0	gCc/gTc											PASS	probably_damaging	0.938	deleterious	0.0			485.0	SUCCESS	False	STAD	True	True	True	Likely Neutral	37697151;29979965;26109429;30224644;12826609	Likely Neutral																										False	P04637	P53	P53 DNA-binding domain	True	Region	Interaction with AXIN1;Interaction with CCAR2;Interaction with DNA;Interaction with E4F1;Interaction with HIPK1;Required for interaction with ZNF385A	True	1.0	-0.003153800404411	urn:mavedb:00000068-a-1		p.Ala276Val	68.0	a	1.0
KRAS	3845.0	DFCI	GRCh37	12	25380275	25380276	+	missense_variant	Missense_Mutation	DNP	TT	TT	AA			GENIE-DFCI-093907-853490								Unknown		Somatic							486.0	394.0			ENST00000256078.4:c.182_183inv	p.Gln61Leu	p.Q61L	ENST00000256078	NM_033360.2	61.0	cAA/cTT											PASS	possibly_damaging	0.631	deleterious	0.0			880.0	SUCCESS	False	PAAD	True	True	True	Gain-of-function	25437878;28572459;26854029	Oncogenic				Avutometinib+Defactinib	Trametinib,Cobimetinib,Binimetinib			LEVEL_3B	LEVEL_3B		40644648;33933896;25435214;24746704;23934108											single residue	0.0	190.0	pancreas:64|bowel:31|lung:28|blood:17|biliary_tract:8|thyroid:8|testis:6|bladder:5|stomach:5|prostate:4|uterus:4|skin:2|unk:2|ampulla_of_vater:1|brain:1|breast:1|liver:1|penis:1|soft_tissue:1	True	P01116	Ras	Ras family	True			False	1.0	0.24016562	urn:mavedb:00000115-a-7		p.Gln61Leu	115.0	a	7.0
PTEN	5728.0	DFCI	GRCh37	10	89692978	89692978	+	missense_variant	Missense_Mutation	SNP	C	C	A			GENIE-DFCI-236292-3474367								Unknown		Somatic							255.0	21.0			ENST00000371953.3:c.462C>A	p.Phe154Leu	p.F154L	ENST00000371953	NM_000314.4	154.0	ttC/ttA											PASS	possibly_damaging	0.813	tolerated	0.07			276.0	SUCCESS	False	UCEC	True	True	True	Loss-of-function	29876005;19329485;22498935;15923161	Oncogenic				Capivasertib+Fulvestrant	GSK2636771,AZD8186			LEVEL_3B	LEVEL_3B		37256976;28645941;34281912;Hansen et al. Abstract# 2570, ASCO 2017.(http://ascopubs.org/doi/abs/10.1200/JCO.2017.35.15_suppl.2570)															False	P60484			False			False	1.0	0.422159163671711	urn:mavedb:00000013-a-1		p.Phe154Leu	13.0	a	1.0
PTEN	5728.0	DFCI	GRCh37	10	89692791	89692791	+	missense_variant	Missense_Mutation	SNP	A	A	T			GENIE-DFCI-001021-2095								Unknown		Somatic							263.0	12.0			ENST00000371953.3:c.275A>T	p.Asp92Val	p.D92V	ENST00000371953	NM_000314.4	92.0	gAc/gTc											PASS	probably_damaging	0.999	deleterious	0.0			275.0	SUCCESS	False	UEC	True	True	True	Loss-of-function	21828076	Oncogenic				Capivasertib+Fulvestrant	GSK2636771,AZD8186			LEVEL_3B	LEVEL_3B		37256976;28645941;34281912;Hansen et al. Abstract# 2570, ASCO 2017.(http://ascopubs.org/doi/abs/10.1200/JCO.2017.35.15_suppl.2570)											single residue	2.81113657455673e-09	18.0	breast:4|uterus:4|brain:3|bowel:2|lung:2|head_neck:1|ovary:1|soft_tissue:1	True	P60484	Tc-R-P	Polymorphic toxin system, DSP-PTPase phosphatase	True			False	4.0	0.7519593526294659	urn:mavedb:00000013-a-1		p.Asp92Val	13.0	a	1.0
PTEN	5728.0	DFCI	GRCh37	10	89692893	89692893	+	missense_variant	Missense_Mutation	SNP	C	C	G			GENIE-DFCI-008207-5240								Unknown		Somatic							29.0	45.0			ENST00000371953.3:c.377C>G	p.Ala126Gly	p.A126G	ENST00000371953	NM_000314.4	126.0	gCt/gGt											PASS	probably_damaging	0.998	deleterious	0.0			74.0	SUCCESS	False	GBM	True	True	True	Loss-of-function	26504226;21828076	Oncogenic																						single residue	0.0003554224243965	11.0	breast:4|stomach:2|uterus:2|brain:1|soft_tissue:1|unk:1	True	P60484	Tc-R-P	Polymorphic toxin system, DSP-PTPase phosphatase	True			False	1.0	1.0326675542613102	urn:mavedb:00000013-a-1		p.Ala126Gly	13.0	a	1.0
PTEN	5728.0	DFCI	GRCh37	10	89692905	89692905	+	missense_variant	Missense_Mutation	SNP	G	G	C	rs121909229		GENIE-DFCI-024343-130276								Unknown		Somatic							27.0	298.0			ENST00000371953.3:c.389G>C	p.Arg130Pro	p.R130P	ENST00000371953	NM_000314.4	130.0	cGa/cCa											PASS	probably_damaging	0.999	deleterious	0.0			325.0	SUCCESS	False	UEC	True	True	True	Loss-of-function	32350270;32366478	Oncogenic				Capivasertib+Fulvestrant	GSK2636771,AZD8186			LEVEL_3B	LEVEL_3B		37256976;28645941;34281912;Hansen et al. Abstract# 2570, ASCO 2017.(http://ascopubs.org/doi/abs/10.1200/JCO.2017.35.15_suppl.2570)											single residue	1.9165879686530897e-210	168.0	uterus:83|brain:14|breast:14|bowel:13|lung:8|prostate:8|skin:5|cervix:4|head_neck:4|stomach:3|biliary_tract:2|kidney:2|ovary:2|soft_tissue:2|penis:1|pleura:1|thyroid:1|unk:1	True	P60484	Tc-R-P	Polymorphic toxin system, DSP-PTPase phosphatase	True			False	0.0	1.15629126640123	urn:mavedb:00000013-a-1		p.Arg130Pro	13.0	a	1.0
PTEN	5728.0	DFCI	GRCh37	10	89653782	89653782	+	missense_variant,splice_region_variant	Missense_Mutation	SNP	A	A	G	rs886041877		GENIE-DFCI-000223-10283								Unknown		Somatic							105.0	118.0			ENST00000371953.3:c.80A>G	p.Tyr27Cys	p.Y27C	ENST00000371953	NM_000314.4	27.0	tAt/tGt											PASS	possibly_damaging	0.733	tolerated	0.05			223.0	SUCCESS	False	GB	True	True	True	Loss-of-function	32350270	Oncogenic				Capivasertib+Fulvestrant	GSK2636771,AZD8186			LEVEL_3B	LEVEL_3B		37256976;28645941;34281912;Hansen et al. Abstract# 2570, ASCO 2017.(http://ascopubs.org/doi/abs/10.1200/JCO.2017.35.15_suppl.2570)											single residue	2.97185296362565e-06	10.0	brain:3|uterus:2|bowel:1|breast:1|ovary:1|stomach:1|thyroid:1	True	P60484			False			False	0.0	0.3494593521983481	urn:mavedb:00000013-a-1		p.Tyr27Cys	13.0	a	1.0
PTEN	5728.0	DFCI	GRCh37	10	89624296	89624296	+	missense_variant	Missense_Mutation	SNP	G	G	T	rs786201995		GENIE-DFCI-002179-1867								Unknown		Somatic							181.0	86.0			ENST00000371953.3:c.70G>T	p.Asp24Tyr	p.D24Y	ENST00000371953	NM_000314.4	24.0	Gac/Tac											PASS	possibly_damaging	0.816	deleterious	0.0			267.0	SUCCESS	False	EOV	True	True	True	Loss-of-function	22498935;11395387;11108659;17213812	Oncogenic				Capivasertib+Fulvestrant	GSK2636771,AZD8186			LEVEL_3B	LEVEL_3B		37256976;28645941;34281912;Hansen et al. Abstract# 2570, ASCO 2017.(http://ascopubs.org/doi/abs/10.1200/JCO.2017.35.15_suppl.2570)															False	P60484			False			False	1.0	0.647107290268216	urn:mavedb:00000013-a-1		p.Asp24Tyr	13.0	a	1.0
BRCA1	672.0	DFCI	GRCh37	17	41251882	41251882	+	missense_variant	Missense_Mutation	SNP	T	T	G	rs28897674		GENIE-DFCI-000962-7845								Unknown		Somatic							231.0	41.0			ENST00000357654.3:c.457A>C	p.Ser153Arg	p.S153R	ENST00000357654	NM_007294.3	153.0	Agt/Cgt		2.7841e-05	0.0	0.0	0.0	0.0	0.0	6.15612e-05	0.0	0.0	PASS	possibly_damaging	0.462	deleterious	0.04			272.0	SUCCESS	False	MCC	True	True	True	Neutral	23161852	Likely Neutral																										False	P38398			False			False	2.0	-0.07776027677175	urn:mavedb:00000081-a-2		p.Ser153Arg	81.0	a	2.0
PTEN	5728.0	DFCI	GRCh37	10	89725102	89725102	+	missense_variant	Missense_Mutation	SNP	C	C	T			GENIE-DFCI-026537-130379								Unknown		Somatic							157.0	23.0			ENST00000371953.3:c.1085C>T	p.Ser362Leu	p.S362L	ENST00000371953	NM_000314.4	362.0	tCa/tTa											PASS	benign	0.115	deleterious	0.04			180.0	SUCCESS	False	COAD	True	True	True	Likely Neutral	19329485	Likely Neutral																										False	P60484			False	Region	Disordered	True	17.0	0.9028506321255892	urn:mavedb:00000013-a-1		p.Ser362Leu	13.0	a	1.0
TP53	7157.0	DFCI	GRCh37	17	7577578	7577578	+	missense_variant	Missense_Mutation	SNP	T	T	C			GENIE-DFCI-168844-1786751								Unknown		Somatic							77.0	173.0			ENST00000269305.4:c.703A>G	p.Asn235Asp	p.N235D	ENST00000269305	NM_001126112.2	235.0	Aac/Gac											PASS	probably_damaging	0.941	deleterious	0.01			250.0	SUCCESS	False	COAD	True	True	True	Loss-of-function	25584008	Oncogenic																										False	P04637	P53	P53 DNA-binding domain	True	Region	Interaction with AXIN1;Interaction with CCAR2;Interaction with HIPK1;Required for interaction with FBXO42;Required for interaction with ZNF385A	True	1.0	1.2925656485465318	urn:mavedb:00000068-a-1		p.Asn235Asp	68.0	a	1.0
TP53	7157.0	DFCI	GRCh37	17	7578461	7578461	+	missense_variant	Missense_Mutation	SNP	C	C	T	rs121912654		GENIE-DFCI-234410-3171061								Unknown		Somatic							135.0	84.0			ENST00000269305.4:c.469G>A	p.Val157Ile	p.V157I	ENST00000269305	NM_001126112.2	157.0	Gtc/Atc		3.97921e-05	6.15991e-05	8.67353e-05	0.0	0.0	4.62107e-05	3.52032e-05	0.0	3.26648e-05	PASS	possibly_damaging	0.544	tolerated	0.25			219.0	SUCCESS	False	PAAD	True	True	True	Likely Neutral	37697151;29979965;17539962;30224644;12826609	Likely Neutral																										False	P04637	P53	P53 DNA-binding domain	True	Region	Interaction with AXIN1;Interaction with CCAR2;Interaction with HIPK1;Required for interaction with FBXO42;Required for interaction with ZNF385A	True	6.0	0.5938631071047228	urn:mavedb:00000068-a-1		p.Val157Ile	68.0	a	1.0
KRAS	3845.0	DFCI	GRCh37	12	25398220	25398220	+	missense_variant	Missense_Mutation	SNP	A	A	C			GENIE-DFCI-450661-4580822								Unknown		Somatic							204.0	54.0			ENST00000256078.4:c.99T>G	p.Asp33Glu	p.D33E	ENST00000256078	NM_033360.2	33.0	gaT/gaG											PASS	probably_damaging	0.979	tolerated	0.08			258.0	SUCCESS	False	UCEC	True	True	True	Gain-of-function	28572459;27147599	Oncogenic				Avutometinib+Defactinib	Trametinib,Cobimetinib,Binimetinib			LEVEL_3B	LEVEL_3B		40644648;33933896;25435214;24746704;23934108											single residue	0.0054551099462305	4.0	bowel:2|lung:1|testis:1	True	P01116	Ras	Ras family	True	Binding site;Motif	Effector region	True	11.0	0.089398235	urn:mavedb:00000115-a-7		p.Asp33Glu	115.0	a	7.0
TP53	7157.0	DFCI	GRCh37	17	7578207	7578207	+	missense_variant	Missense_Mutation	SNP	A	A	C	rs587781386		GENIE-DFCI-037018-88599								Unknown		Somatic							64.0	106.0			ENST00000269305.4:c.642T>G	p.His214Gln	p.H214Q	ENST00000269305	NM_001126112.2	214.0	caT/caG		3.18134e-05	0.0	0.00014455	0.0	0.0	0.0	8.79152e-06	0.000325839	0.0	PASS	benign	0.374	tolerated	0.49			170.0	SUCCESS	False	STAD	True	True	True	Likely Gain-of-function	26619011;15781620;11044641	Likely Neutral																						single residue	3.13070819109956e-26	40.0	lung:10|pancreas:6|stomach:4|bladder:3|brain:3|bowel:2|liver:2|ovary:2|soft_tissue:2|thyroid:2|blood:1|kidney:1|lymph:1|uterus:1	True	P04637	P53	P53 DNA-binding domain	True	Region	Interaction with AXIN1;Interaction with CCAR2;Interaction with HIPK1;Required for interaction with FBXO42;Required for interaction with ZNF385A	True	1.0	0.2598777106928523	urn:mavedb:00000068-a-1		p.His214Gln	68.0	a	1.0
KRAS	3845.0	DFCI	GRCh37	12	25378647	25378647	+	missense_variant	Missense_Mutation	SNP	T	T	G	rs770248150		GENIE-DFCI-131384-1358830								Unknown		Somatic							391.0	14.0			ENST00000256078.4:c.351A>C	p.Lys117Asn	p.K117N	ENST00000256078	NM_033360.2	117.0	aaA/aaC		3.98203e-06	0.0	0.0	0.0	0.0	0.0	0.0	0.0	3.26755e-05	PASS	probably_damaging	0.994	deleterious	0.01			405.0	SUCCESS	False	EGC	True	True	True	Gain-of-function	20147967;28572459;20570890	Oncogenic				Avutometinib+Defactinib	Trametinib,Cobimetinib,Binimetinib			LEVEL_3B	LEVEL_3B		40644648;33933896;25435214;24746704;23934108											single residue	5.40950832194339e-24	18.0	bowel:9|blood:3|stomach:2|liver:1|skin:1|soft_tissue:1|unk:1	True	P01116	Ras	Ras family	True	Binding site		True	1.0	0.1866422	urn:mavedb:00000115-a-7		p.Lys117Asn	115.0	a	7.0
TP53	7157.0	DFCI	GRCh37	17	7577084	7577084	+	missense_variant	Missense_Mutation	SNP	T	T	A	rs121912667		GENIE-DFCI-078561-350214								Unknown		Somatic							176.0	12.0			ENST00000269305.4:c.854A>T	p.Glu285Val	p.E285V	ENST00000269305	NM_001126112.2	285.0	gAg/gTg		0.0	0.0	0.0	0.0	0.0	0.0	0.0	0.0	0.0	PASS	probably_damaging	0.983	deleterious	0.0			188.0	SUCCESS	False	IDC	True	True	True	Loss-of-function	18762572;25584008	Oncogenic																						single residue	1.42429549670277e-26	99.0	bladder:33|lung:15|breast:10|stomach:8|skin:6|bowel:5|head_neck:5|unk:4|biliary_tract:3|cervix:2|prostate:2|adrenal_gland:1|bone:1|lymph:1|pleura:1|thyroid:1|uterus:1	True	P04637	P53	P53 DNA-binding domain	True	Region	Disordered;Interaction with AXIN1;Interaction with CCAR2;Interaction with E4F1;Interaction with HIPK1;Required for interaction with ZNF385A	True	5.0	1.7113374110689767	urn:mavedb:00000068-a-1		p.Glu285Val	68.0	a	1.0
PTEN	5728.0	DFCI	GRCh37	10	89692881	89692881	+	missense_variant	Missense_Mutation	SNP	T	T	G			GENIE-DFCI-003919-1901								Unknown		Somatic							178.0	166.0			ENST00000371953.3:c.365T>G	p.Ile122Ser	p.I122S	ENST00000371953	NM_000314.4	122.0	aTt/aGt											PASS	probably_damaging	0.966	deleterious	0.0			344.0	SUCCESS	False	VMM	True	True	True	Loss-of-function	21828076	Oncogenic				Capivasertib+Fulvestrant	GSK2636771,AZD8186			LEVEL_3B	LEVEL_3B		37256976;28645941;34281912;Hansen et al. Abstract# 2570, ASCO 2017.(http://ascopubs.org/doi/abs/10.1200/JCO.2017.35.15_suppl.2570)															False	P60484	Tc-R-P	Polymorphic toxin system, DSP-PTPase phosphatase	True			False	3.0	0.193858106252861	urn:mavedb:00000013-a-1		p.Ile122Ser	13.0	a	1.0
TP53	7157.0	DFCI	GRCh37	17	7577551	7577551	+	missense_variant	Missense_Mutation	SNP	C	C	G	rs1057519989		GENIE-DFCI-238719-3171073								Unknown		Somatic							213.0	38.0			ENST00000269305.4:c.730G>C	p.Gly244Arg	p.G244R	ENST00000269305	NM_001126112.2	244.0	Ggc/Cgc											PASS	probably_damaging	1.0	deleterious	0.0			251.0	SUCCESS	False	LUSC	True	True	True	Loss-of-function	11160722	Oncogenic																						single residue	1.0002696468844498e-31	65.0	lung:17|brain:8|ovary:7|stomach:7|bowel:5|bladder:3|lymph:3|uterus:3|breast:2|head_neck:2|soft_tissue:2|biliary_tract:1|cervix:1|kidney:1|liver:1|pancreas:1|unk:1	True	P04637	P53	P53 DNA-binding domain	True	Region	Interaction with AXIN1;Interaction with CCAR2;Interaction with HIPK1;Interaction with the 53BP2 SH3 domain;Required for interaction with ZNF385A	True	1.0	1.759594124660846	urn:mavedb:00000068-a-1		p.Gly244Arg	68.0	a	1.0
PTEN	5728.0	DFCI	GRCh37	10	89692790	89692790	+	missense_variant	Missense_Mutation	SNP	G	G	C			GENIE-DFCI-002065-124								Unknown		Somatic							69.0	29.0			ENST00000371953.3:c.274G>C	p.Asp92His	p.D92H	ENST00000371953	NM_000314.4	92.0	Gac/Cac											PASS	probably_damaging	1.0	deleterious	0.0			98.0	SUCCESS	False	HPHSC	True	True	True	Loss-of-function	21828076	Oncogenic				Capivasertib+Fulvestrant	GSK2636771,AZD8186			LEVEL_3B	LEVEL_3B		37256976;28645941;34281912;Hansen et al. Abstract# 2570, ASCO 2017.(http://ascopubs.org/doi/abs/10.1200/JCO.2017.35.15_suppl.2570)											single residue	2.81113657455673e-09	18.0	breast:4|uterus:4|brain:3|bowel:2|lung:2|head_neck:1|ovary:1|soft_tissue:1	True	P60484	Tc-R-P	Polymorphic toxin system, DSP-PTPase phosphatase	True			False	4.0	0.999658654254048	urn:mavedb:00000013-a-1		p.Asp92His	13.0	a	1.0
PTEN	5728.0	DFCI	GRCh37	10	89692792	89692792	+	missense_variant	Missense_Mutation	SNP	C	C	A	rs779530981		GENIE-DFCI-111532-664181								Unknown		Somatic							243.0	36.0			ENST00000371953.3:c.276C>A	p.Asp92Glu	p.D92E	ENST00000371953	NM_000314.4	92.0	gaC/gaA											PASS	probably_damaging	0.998	deleterious	0.0			279.0	SUCCESS	False	UEC	True	True	True	Loss-of-function	21828076	Oncogenic				Capivasertib+Fulvestrant	GSK2636771,AZD8186			LEVEL_3B	LEVEL_3B		37256976;28645941;34281912;Hansen et al. Abstract# 2570, ASCO 2017.(http://ascopubs.org/doi/abs/10.1200/JCO.2017.35.15_suppl.2570)											single residue	2.81113657455673e-09	18.0	breast:4|uterus:4|brain:3|bowel:2|lung:2|head_neck:1|ovary:1|soft_tissue:1	True	P60484	Tc-R-P	Polymorphic toxin system, DSP-PTPase phosphatase	True			False	4.0	0.9819430075339828	urn:mavedb:00000013-a-1		p.Asp92Glu	13.0	a	1.0
PTEN	5728.0	DFCI	GRCh37	10	89692851	89692851	+	missense_variant	Missense_Mutation	SNP	T	T	G			GENIE-DFCI-111532-664181								Unknown		Somatic							293.0	57.0			ENST00000371953.3:c.335T>G	p.Leu112Arg	p.L112R	ENST00000371953	NM_000314.4	112.0	cTa/cGa											PASS	probably_damaging	1.0	deleterious	0.0			350.0	SUCCESS	False	UEC	True	True	True	Loss-of-function	10866302	Oncogenic				Capivasertib+Fulvestrant	GSK2636771,AZD8186			LEVEL_3B	LEVEL_3B		37256976;28645941;34281912;Hansen et al. Abstract# 2570, ASCO 2017.(http://ascopubs.org/doi/abs/10.1200/JCO.2017.35.15_suppl.2570)															False	P60484	Tc-R-P	Polymorphic toxin system, DSP-PTPase phosphatase	True			False	0.0	0.113027107957011	urn:mavedb:00000013-a-1		p.Leu112Arg	13.0	a	1.0
TP53	7157.0	DFCI	GRCh37	17	7577521	7577521	+	missense_variant	Missense_Mutation	SNP	T	T	C	rs746601313		GENIE-DFCI-053400-203399								Unknown		Somatic							199.0	32.0			ENST00000269305.4:c.760A>G	p.Ile254Val	p.I254V	ENST00000269305	NM_001126112.2	254.0	Atc/Gtc		1.59061e-05	0.0	0.0	0.0	0.0	0.0	3.51642e-05	0.0	0.0	PASS	possibly_damaging	0.852	deleterious	0.0			231.0	SUCCESS	False	CSCC	True	True	True	Likely Neutral	29979965;30224644;27328919;12826609;15370252	Likely Neutral																						single residue	0.0184452967314114	13.0	bowel:3|lung:3|liver:2|pancreas:2|brain:1|breast:1|stomach:1	True	P04637	P53	P53 DNA-binding domain	True	Region	Interaction with AXIN1;Interaction with CCAR2;Interaction with HIPK1;Required for interaction with ZNF385A	True	0.0	0.3828295570111998	urn:mavedb:00000068-a-1		p.Ile254Val	68.0	a	1.0
TP53	7157.0	DFCI	GRCh37	17	7578496	7578496	+	missense_variant	Missense_Mutation	SNP	A	A	C			GENIE-DFCI-003924-1144								Unknown		Somatic							71.0	14.0			ENST00000269305.4:c.434T>G	p.Leu145Arg	p.L145R	ENST00000269305	NM_001126112.2	145.0	cTg/cGg											PASS	probably_damaging	0.917	deleterious	0.0			85.0	SUCCESS	False	LUAD	True	True	True	Loss-of-function	29979965;20571075;30224644;27328919;12826609	Oncogenic																										False	P04637	P53	P53 DNA-binding domain	True	Region	Interaction with AXIN1;Interaction with CCAR2;Interaction with HIPK1;Required for interaction with FBXO42;Required for interaction with ZNF385A	True	6.0	1.4779915092092992	urn:mavedb:00000068-a-1		p.Leu145Arg	68.0	a	1.0
BRCA1	672.0	DFCI	GRCh37	17	41267761	41267761	+	missense_variant	Missense_Mutation	SNP	C	C	T	rs80357498		GENIE-DFCI-512860-4927900								Unknown		Somatic							85.0	70.0			ENST00000357654.3:c.116G>A	p.Cys39Tyr	p.C39Y	ENST00000357654	NM_007294.3	39.0	tGt/tAt											PASS	probably_damaging	0.942	deleterious	0.0			155.0	SUCCESS	False	BRCA	True	True	True	Loss-of-function	20103620;23161852;21922593;16403807;22034435	Oncogenic			Talazoparib,Olaparib	Olaparib+Bevacizumab,Rucaparib,Olaparib+Abiraterone+Prednisone,Niraparib,Talazoparib+Enzalutamide				LEVEL_3A	LEVEL_3A		30110579;36394867;37992259;30563931;Dhawan et al. Abstract# 2527, ASCO 2017.(https://ascopubs.org/doi/abs/10.1200/JCO.2017.35.15_suppl.2527);35100699;33119476;36082969;25366685;24882434;32795228;Clarke et al. Abstract# LBA16, ASCO GUCS 2023.(https://ascopubs.org/doi/abs/10.1200/JCO.2023.41.6_suppl.LBA16);30948273;27717299;31562799;37285865															False	P38398	zf-C3HC4	Zinc finger, C3HC4 type (RING finger)	True			False	15.0	-1.2125257737885	urn:mavedb:00000081-a-2		p.Cys39Tyr	81.0	a	2.0
PTEN	5728.0	DFCI	GRCh37	10	89653815	89653815	+	missense_variant	Missense_Mutation	SNP	C	C	A			GENIE-DFCI-786382-8010618								Unknown		Somatic							4598.0	2.0			ENST00000371953.3:c.113C>A	p.Pro38His	p.P38H	ENST00000371953	NM_000314.4	38.0	cCt/cAt											PASS	probably_damaging	0.998	deleterious	0.0			4600.0	SUCCESS	False	BRCA	True	True	True	Loss-of-function	32350270;32366478	Oncogenic	Capivasertib+Fulvestrant				GSK2636771,AZD8186			LEVEL_1	LEVEL_1		37256976;28645941;34281912;Hansen et al. Abstract# 2570, ASCO 2017.(http://ascopubs.org/doi/abs/10.1200/JCO.2017.35.15_suppl.2570)															False	P60484			False			False	0.0	0.620797543368032	urn:mavedb:00000013-a-1		p.Pro38His	13.0	a	1.0
KRAS	3845.0	DFCI	GRCh37	12	25398285	25398286	+	missense_variant	Missense_Mutation	DNP	CA	CA	AG			GENIE-DFCI-786306-8010803								Unknown		Somatic							2016.0	4.0			ENST00000256078.4:c.33_34delinsCT	p.Gly12Cys	p.G12C	ENST00000256078	NM_033360.2	11.0	gcTGgt/gcCTgt											PASS							2020.0	SUCCESS	False	NSCLC	True	True	True	Gain-of-function	25705018;38096473;24256730;28572459;16051643;32792368;26841430;Fakih et al. Abstract# 3003, ASCO 2019.(https://meetinglibrary.asco.org/record/172411/abstract)	Oncogenic	Sotorasib,Adagrasib			Adagrasib+Cetuximab,Adagrasib+Panitumumab,Avutometinib+Defactinib,Sotorasib+Cetuximab,Sotorasib+Panitumumab	Trametinib,Cobimetinib,Binimetinib			LEVEL_1	LEVEL_1		38157806;34096690;32955176;37098232;36764316;35658005;Gadgeel, S. et al., Abstract# MA06.04, Journal of Thoracic Oncology Vol. 18.(https://www.jto.org/article/S1556-0864%2823%2900954-1/fulltext);38587856;37870968;36546659;38177853;40644648;33933896;25435214;24746704;23934108											single residue	0.0	2175.0	pancreas:745|lung:570|bowel:500|uterus:84|unk:42|stomach:40|bladder:36|ovary:25|biliary_tract:21|testis:19|breast:15|cervix:15|blood:13|ampulla_of_vater:10|soft_tissue:8|brain:6|kidney:5|prostate:4|skin:4|head_neck:3|thyroid:3|lymph:2|thymus:2|bone:1|liver:1|vulva:1	True	P01116	Ras	Ras family	True	Binding site		True	0.0	0.33565634	urn:mavedb:00000115-a-7		p.Gly12Cys	115.0	a	7.0
PTEN	5728.0	DFCI	GRCh37	10	89653808	89653808	+	missense_variant	Missense_Mutation	SNP	G	G	A			GENIE-DFCI-641045-6537783								Unknown		Somatic							213.0	31.0			ENST00000371953.3:c.106G>A	p.Gly36Arg	p.G36R	ENST00000371953	NM_000314.4	36.0	Gga/Aga											PASS	probably_damaging	0.999	deleterious	0.04			244.0	SUCCESS	False	GB	True	True	True	Loss-of-function	22536362;10560660;21828076	Oncogenic				Capivasertib+Fulvestrant	GSK2636771,AZD8186			LEVEL_3B	LEVEL_3B		37256976;28645941;34281912;Hansen et al. Abstract# 2570, ASCO 2017.(http://ascopubs.org/doi/abs/10.1200/JCO.2017.35.15_suppl.2570)															False	P60484			False			False	0.0	0.670366063895785	urn:mavedb:00000013-a-1		p.Gly36Arg	13.0	a	1.0
PTEN	5728.0	DFCI	GRCh37	10	89692901	89692901	+	missense_variant	Missense_Mutation	SNP	G	G	C			GENIE-DFCI-137859-1304568								Unknown		Somatic							87.0	189.0			ENST00000371953.3:c.385G>C	p.Gly129Arg	p.G129R	ENST00000371953	NM_000314.4	129.0	Gga/Cga											PASS	probably_damaging	1.0	deleterious	0.0			276.0	SUCCESS	False	LUAD	True	True	True	Loss-of-function	32350270;10866302;9811831;32366478;21828076	Oncogenic				Capivasertib+Fulvestrant	GSK2636771,AZD8186			LEVEL_3B	LEVEL_3B		37256976;28645941;34281912;Hansen et al. Abstract# 2570, ASCO 2017.(http://ascopubs.org/doi/abs/10.1200/JCO.2017.35.15_suppl.2570)											single residue	5.95070750294617e-05	12.0	uterus:5|brain:2|lung:2|breast:1|prostate:1|soft_tissue:1	True	P60484	Tc-R-P	Polymorphic toxin system, DSP-PTPase phosphatase	True			False	0.0	0.488615062431636	urn:mavedb:00000013-a-1		p.Gly129Arg	13.0	a	1.0
KRAS	3845.0	DFCI	GRCh37	12	25398220	25398220	+	missense_variant	Missense_Mutation	SNP	A	A	T			GENIE-DFCI-448503-6876507								Unknown		Somatic							398.0	18.0			ENST00000256078.4:c.99T>A	p.Asp33Glu	p.D33E	ENST00000256078	NM_033360.2	33.0	gaT/gaA											PASS	probably_damaging	0.979	tolerated	0.08			416.0	SUCCESS	False	COAD	True	True	True	Gain-of-function	28572459;27147599	Oncogenic				Avutometinib+Defactinib	Trametinib,Cobimetinib,Binimetinib			LEVEL_R1	LEVEL_3B		20921465;21228335;20619739;24024839;18316791;30857956;40644648;33933896;25435214;24746704;23934108											single residue	0.0054551099462305	4.0	bowel:2|lung:1|testis:1	True	P01116	Ras	Ras family	True	Binding site;Motif	Effector region	True	11.0	0.089398235	urn:mavedb:00000115-a-7		p.Asp33Glu	115.0	a	7.0
KRAS	3845.0	DFCI	GRCh37	12	25398262	25398262	+	missense_variant	Missense_Mutation	SNP	C	C	A	rs121913538		GENIE-DFCI-644787-7992629								Unknown		Somatic							3284.0	0.0			ENST00000256078.4:c.57G>T	p.Leu19Phe	p.L19F	ENST00000256078	NM_033360.2	19.0	ttG/ttT											PASS	probably_damaging	0.999	deleterious	0.01			3284.0	SUCCESS	False	LUNG	True	True	True	Gain-of-function	20147967;28572459;17150185	Oncogenic				Avutometinib+Defactinib	Trametinib,Cobimetinib,Binimetinib			LEVEL_3B	LEVEL_3B		40644648;33933896;25435214;24746704;23934108											single residue	3.71800769373073e-05	12.0	lung:3|bladder:2|bowel:2|biliary_tract:1|blood:1|lymph:1|stomach:1|unk:1	True	P01116	Ras	Ras family	True			False	3.0	0.36134487	urn:mavedb:00000115-a-7		p.Leu19Phe	115.0	a	7.0
TP53	7157.0	DFCI	GRCh37	17	7577070	7577070	+	missense_variant	Missense_Mutation	SNP	G	G	A	rs770374782		GENIE-DFCI-627227-6450657								Unknown		Somatic							282.0	82.0			ENST00000269305.4:c.868C>T	p.Arg290Cys	p.R290C	ENST00000269305	NM_001126112.2	290.0	Cgc/Tgc		1.19291e-05	0.0	0.0	0.0	5.43656e-05	0.0	8.79028e-06	0.0	3.26627e-05	PASS	possibly_damaging	0.674	deleterious	0.01			364.0	SUCCESS	False	MEL	True	True	True	Likely Neutral	30224644;12826609	Likely Neutral																										False	P04637	P53	P53 DNA-binding domain	True	Region	Disordered;Interaction with AXIN1;Interaction with CCAR2;Interaction with E4F1;Interaction with HIPK1;Required for interaction with ZNF385A	True	2.0	0.0823955108393627	urn:mavedb:00000068-a-1		p.Arg290Cys	68.0	a	1.0
PTEN	5728.0	DFCI	GRCh37	10	89692886	89692886	+	missense_variant	Missense_Mutation	SNP	T	T	A			GENIE-DFCI-684761-7224340								Unknown		Somatic							367.0	25.0			ENST00000371953.3:c.370T>A	p.Cys124Ser	p.C124S	ENST00000371953	NM_000314.4	124.0	Tgt/Agt											PASS	probably_damaging	0.998	deleterious	0.0			392.0	SUCCESS	False	UCEC	True	True	True	Loss-of-function	32350270;24766807;9811831;32366478	Oncogenic				Capivasertib+Fulvestrant	GSK2636771,AZD8186			LEVEL_3B	LEVEL_3B		37256976;28645941;34281912;Hansen et al. Abstract# 2570, ASCO 2017.(http://ascopubs.org/doi/abs/10.1200/JCO.2017.35.15_suppl.2570)											single residue	0.0003694601060036	8.0	breast:4|bowel:1|prostate:1|thyroid:1|uterus:1	True	P60484	Tc-R-P	Polymorphic toxin system, DSP-PTPase phosphatase	True	Active site	Phosphocysteine intermediate	True	1.0	1.13746760599211	urn:mavedb:00000013-a-1		p.Cys124Ser	13.0	a	1.0
KRAS	3845.0	DFCI	GRCh37	12	25380275	25380276	+	missense_variant	Missense_Mutation	DNP	TT	TT	AC			GENIE-DFCI-787557-8002256								Unknown		Somatic							5496.0	2.0			ENST00000256078.4:c.182_183delinsGT	p.Gln61Arg	p.Q61R	ENST00000256078	NM_033360.2	61.0	cAA/cGT											PASS	benign	0.122	tolerated	0.06			5498.0	SUCCESS	False	LUAD	True	True	True	Gain-of-function	30341394;28572459;34117033;25437878	Oncogenic				Avutometinib+Defactinib	Trametinib,Cobimetinib,Binimetinib			LEVEL_3B	LEVEL_3B		40644648;33933896;25435214;24746704;23934108											single residue	0.0	190.0	pancreas:64|bowel:31|lung:28|blood:17|biliary_tract:8|thyroid:8|testis:6|bladder:5|stomach:5|prostate:4|uterus:4|skin:2|unk:2|ampulla_of_vater:1|brain:1|breast:1|liver:1|penis:1|soft_tissue:1	True	P01116	Ras	Ras family	True			False	1.0	0.34578124	urn:mavedb:00000115-a-7		p.Gln61Arg	115.0	a	7.0
PTEN	5728.0	DFCI	GRCh37	10	89692851	89692851	+	missense_variant	Missense_Mutation	SNP	T	T	C	rs121909230		GENIE-DFCI-787158-7990907								Unknown		Somatic							7128.0	0.0			ENST00000371953.3:c.335T>C	p.Leu112Pro	p.L112P	ENST00000371953	NM_000314.4	112.0	cTa/cCa											PASS	probably_damaging	1.0	deleterious	0.0			7128.0	SUCCESS	False	BRCA	True	True	True	Loss-of-function	22653804;10866302;10657903;11006040	Oncogenic	Capivasertib+Fulvestrant				GSK2636771,AZD8186			LEVEL_1	LEVEL_1		37256976;28645941;34281912;Hansen et al. Abstract# 2570, ASCO 2017.(http://ascopubs.org/doi/abs/10.1200/JCO.2017.35.15_suppl.2570)															False	P60484	Tc-R-P	Polymorphic toxin system, DSP-PTPase phosphatase	True			False	0.0	0.0804188827847682	urn:mavedb:00000013-a-1		p.Leu112Pro	13.0	a	1.0
KRAS	3845.0	DFCI	GRCh37	12	25398283	25398284	+	missense_variant	Missense_Mutation	DNP	AC	AC	GA			GENIE-DFCI-631764-6367664								Unknown		Somatic							248.0	36.0			ENST00000256078.4:c.35_36delinsTC	p.Gly12Val	p.G12V	ENST00000256078	NM_033360.2	12.0	gGT/gTC											PASS	probably_damaging	0.972	deleterious	0.0			284.0	SUCCESS	False	PAAD	True	True	True	Gain-of-function	20516123;20949621;30341394;28572459;25359494;20570890;12957286;20147967	Oncogenic			Daraxonrasib	Avutometinib+Defactinib	Trametinib,Cobimetinib,Binimetinib			LEVEL_3A	LEVEL_3A		38593348;Garrido-Laguna et al. 2025 ASCO Gastrointestinal Cancers Symposium.(https://www.asco.org/abstracts-presentations/ABSTRACT474560);Arbour et al. Abstract# 6520, Annals of Oncol., 2023.(https://www.annalsofoncology.org/article/S0923-7534%2823%2902675-3/fulltext);40644648;33933896;25435214;24746704;23934108											single residue	0.0	2175.0	pancreas:745|lung:570|bowel:500|uterus:84|unk:42|stomach:40|bladder:36|ovary:25|biliary_tract:21|testis:19|breast:15|cervix:15|blood:13|ampulla_of_vater:10|soft_tissue:8|brain:6|kidney:5|prostate:4|skin:4|head_neck:3|thyroid:3|lymph:2|thymus:2|bone:1|liver:1|vulva:1	True	P01116	Ras	Ras family	True	Binding site		True	0.0	0.41398332	urn:mavedb:00000115-a-7		p.Gly12Val	115.0	a	7.0
BRCA1	672.0	DFCI	GRCh37	17	41267746	41267746	+	missense_variant	Missense_Mutation	SNP	C	C	T	rs80357446		GENIE-DFCI-748561-8009119								Unknown		Somatic							6002.0	1.0			ENST00000357654.3:c.131G>A	p.Cys44Tyr	p.C44Y	ENST00000357654	NM_007294.3	44.0	tGc/tAc											PASS	possibly_damaging	0.84	deleterious	0.02			6003.0	SUCCESS	False	LUAD	True	True	True	Loss-of-function	21922593;16403807;22034435	Oncogenic				Olaparib,Talazoparib,Olaparib+Bevacizumab,Rucaparib,Olaparib+Abiraterone+Prednisone,Niraparib,Talazoparib+Enzalutamide				LEVEL_3B	LEVEL_3B		36082969;25366685;24882434;30110579;36394867;37992259;30563931;Dhawan et al. Abstract# 2527, ASCO 2017.(https://ascopubs.org/doi/abs/10.1200/JCO.2017.35.15_suppl.2527);32795228;Clarke et al. Abstract# LBA16, ASCO GUCS 2023.(https://ascopubs.org/doi/abs/10.1200/JCO.2023.41.6_suppl.LBA16);30948273;27717299;31562799;37285865															False	P38398	zf-C3HC4	Zinc finger, C3HC4 type (RING finger)	True			False	20.0	0.835090468495	urn:mavedb:00000081-a-2		p.Cys44Tyr	81.0	a	2.0
PTEN	5728.0	DFCI	GRCh37	10	89692792	89692792	+	missense_variant	Missense_Mutation	SNP	C	C	G			GENIE-DFCI-514528-4956512								Unknown		Somatic							202.0	36.0			ENST00000371953.3:c.276C>G	p.Asp92Glu	p.D92E	ENST00000371953	NM_000314.4	92.0	gaC/gaG											PASS	probably_damaging	0.998	deleterious	0.0			238.0	SUCCESS	False	UEC	True	True	True	Loss-of-function	21828076	Oncogenic				Capivasertib+Fulvestrant	GSK2636771,AZD8186			LEVEL_3B	LEVEL_3B		37256976;28645941;34281912;Hansen et al. Abstract# 2570, ASCO 2017.(http://ascopubs.org/doi/abs/10.1200/JCO.2017.35.15_suppl.2570)											single residue	2.81113657455673e-09	18.0	breast:4|uterus:4|brain:3|bowel:2|lung:2|head_neck:1|ovary:1|soft_tissue:1	True	P60484	Tc-R-P	Polymorphic toxin system, DSP-PTPase phosphatase	True			False	4.0	0.9819430075339828	urn:mavedb:00000013-a-1		p.Asp92Glu	13.0	a	1.0
BRCA1	672.0	DFCI	GRCh37	17	41256266	41256266	+	missense_variant	Missense_Mutation	SNP	T	T	C	rs28897673		GENIE-DFCI-154009-2394044								Unknown		Somatic							94.0	81.0			ENST00000357654.3:c.314A>G	p.Tyr105Cys	p.Y105C	ENST00000357654	NM_007294.3	105.0	tAt/tGt		8.76564e-05	0.0	8.69817e-05	0.0	0.0	0.0	0.000149643	0.000326158	0.0	PASS	benign	0.196	tolerated	0.06			175.0	SUCCESS	False	NSCLC	True	True	True	Neutral	23161852;23867111	Likely Neutral																										False	P38398			False			False	0.0	-0.1219618177438	urn:mavedb:00000081-a-2		p.Tyr105Cys	81.0	a	2.0
TP53	7157.0	DFCI	GRCh37	17	7578531	7578531	+	missense_variant	Missense_Mutation	SNP	C	C	T	rs1064795139		GENIE-DFCI-787698-8010781								Unknown		Somatic							4563.0	1.0			ENST00000269305.4:c.399G>A	p.Met133Ile	p.M133I	ENST00000269305	NM_001126112.2	133.0	atG/atA		7.97283e-06	0.000123077	0.0	0.0	0.0	0.0	0.0	0.0	0.0	PASS	benign	0.007	deleterious	0.0			4564.0	SUCCESS	False	UTERUS	True	True	True	Likely Neutral	29979965;9627113;30224644;27328919;12826609	Likely Neutral																						single residue	0.0598449339561851	10.0	breast:4|bowel:1|head_neck:1|lung:1|pancreas:1|skin:1|stomach:1	True	P04637	P53	P53 DNA-binding domain	True	Region	Interaction with AXIN1;Interaction with CCAR2;Interaction with HIPK1;Required for interaction with FBXO42;Required for interaction with ZNF385A	True	0.0	0.4380219197770168	urn:mavedb:00000068-a-1		p.Met133Ile	68.0	a	1.0
KRAS	3845.0	DFCI	GRCh37	12	25380275	25380276	+	missense_variant	Missense_Mutation	DNP	TT	TT	GA			GENIE-DFCI-514579-4959887								Unknown		Somatic							324.0	127.0			ENST00000256078.4:c.182_183delinsTC	p.Gln61Leu	p.Q61L	ENST00000256078	NM_033360.2	61.0	cAA/cTC											PASS	possibly_damaging	0.631	deleterious	0.0			451.0	SUCCESS	False	EOV	True	True	True	Gain-of-function	25437878;28572459;26854029	Oncogenic				Avutometinib+Defactinib	Trametinib,Cobimetinib,Binimetinib			LEVEL_3B	LEVEL_3B		40644648;33933896;25435214;24746704;23934108											single residue	0.0	190.0	pancreas:64|bowel:31|lung:28|blood:17|biliary_tract:8|thyroid:8|testis:6|bladder:5|stomach:5|prostate:4|uterus:4|skin:2|unk:2|ampulla_of_vater:1|brain:1|breast:1|liver:1|penis:1|soft_tissue:1	True	P01116	Ras	Ras family	True			False	1.0	0.24016562	urn:mavedb:00000115-a-7		p.Gln61Leu	115.0	a	7.0
PTEN	5728.0	DFCI	GRCh37	10	89692887	89692887	+	missense_variant	Missense_Mutation	SNP	G	G	C			GENIE-DFCI-171576-2393899								Unknown		Somatic							179.0	74.0			ENST00000371953.3:c.371G>C	p.Cys124Ser	p.C124S	ENST00000371953	NM_000314.4	124.0	tGt/tCt											PASS	probably_damaging	0.998	deleterious	0.0			253.0	SUCCESS	False	UEC	True	True	True	Loss-of-function	32350270;24766807;9811831;32366478	Oncogenic				Capivasertib+Fulvestrant	GSK2636771,AZD8186			LEVEL_3B	LEVEL_3B		37256976;28645941;34281912;Hansen et al. Abstract# 2570, ASCO 2017.(http://ascopubs.org/doi/abs/10.1200/JCO.2017.35.15_suppl.2570)											single residue	0.0003694601060036	8.0	breast:4|bowel:1|prostate:1|thyroid:1|uterus:1	True	P60484	Tc-R-P	Polymorphic toxin system, DSP-PTPase phosphatase	True	Active site	Phosphocysteine intermediate	True	1.0	1.13746760599211	urn:mavedb:00000013-a-1		p.Cys124Ser	13.0	a	1.0
PTEN	5728.0	DFCI	GRCh37	10	89720822	89720822	+	missense_variant	Missense_Mutation	SNP	C	C	T			GENIE-DFCI-618764-5724596								Unknown		Somatic							192.0	53.0			ENST00000371953.3:c.973C>T	p.Leu325Phe	p.L325F	ENST00000371953	NM_000314.4	325.0	Ctt/Ttt											PASS	possibly_damaging	0.798	deleterious	0.01			245.0	SUCCESS	False	UDDC	True	True	True	Loss-of-function	19329485;25695224	Oncogenic				Capivasertib+Fulvestrant	GSK2636771,AZD8186			LEVEL_3B	LEVEL_3B		37256976;28645941;34281912;Hansen et al. Abstract# 2570, ASCO 2017.(http://ascopubs.org/doi/abs/10.1200/JCO.2017.35.15_suppl.2570)															False	P60484	PTEN_C2	C2 domain of PTEN tumour-suppressor protein	True			False	1.0	0.3779497910029041	urn:mavedb:00000013-a-1		p.Leu325Phe	13.0	a	1.0
TP53	7157.0	DFCI	GRCh37	17	7577536	7577537	+	missense_variant	Missense_Mutation	DNP	TC	TC	AA			GENIE-DFCI-584499-5508576								Unknown		Somatic							178.0	46.0			ENST00000269305.4:c.744_745delinsTT	p.Arg249Trp	p.R249W	ENST00000269305	NM_001126112.2	248.0	cgGAgg/cgTTgg											PASS							224.0	SUCCESS	False	HGSOC	True	True	True	Likely Loss-of-function	23612969	Oncogenic																						single residue	1.28532741635959e-72	102.0	lung:33|liver:13|breast:7|brain:6|head_neck:6|stomach:6|pancreas:5|prostate:4|uterus:4|bladder:3|bowel:3|skin:3|unk:3|thyroid:2|adrenal_gland:1|lymph:1|ovary:1|soft_tissue:1	True	P04637	P53	P53 DNA-binding domain	True	Region	Interaction with AXIN1;Interaction with CCAR2;Interaction with HIPK1;Interaction with the 53BP2 SH3 domain;Required for interaction with ZNF385A	True	3.0	2.2733315824426703	urn:mavedb:00000068-a-1		p.Arg249Trp	68.0	a	1.0
BRCA1	672.0	DFCI	GRCh37	17	41256184	41256184	+	missense_variant	Missense_Mutation	SNP	G	G	T	rs80357413		GENIE-DFCI-581659-5471390								Unknown		Somatic							205.0	146.0			ENST00000357654.3:c.396C>A	p.Asn132Lys	p.N132K	ENST00000357654	NM_007294.3	132.0	aaC/aaA		3.97731e-05	0.0	0.0	0.0	0.0	0.0	8.79152e-05	0.0	0.0	PASS	benign	0.23	deleterious	0.0			351.0	SUCCESS	False	HGGNOS	True	True	True	Neutral	23161852;18680205;23867111	Likely Neutral																										False	P38398			False			False	2.0	-0.268713018467	urn:mavedb:00000081-a-2		p.Asn132Lys	81.0	a	2.0
PTEN	5728.0	DFCI	GRCh37	10	89711893	89711893	+	missense_variant	Missense_Mutation	SNP	C	C	G			GENIE-DFCI-449426-4680140								Unknown		Somatic							209.0	100.0			ENST00000371953.3:c.511C>G	p.Gln171Glu	p.Q171E	ENST00000371953	NM_000314.4	171.0	Cag/Gag											PASS	possibly_damaging	0.665	deleterious	0.02			309.0	SUCCESS	False	ESCC	True	True	True	Loss-of-function	32350270;32366478	Oncogenic				Capivasertib+Fulvestrant	GSK2636771,AZD8186			LEVEL_3B	LEVEL_3B		37256976;28645941;34281912;Hansen et al. Abstract# 2570, ASCO 2017.(http://ascopubs.org/doi/abs/10.1200/JCO.2017.35.15_suppl.2570)															False	P60484			False			False	0.0	0.5913572971649089	urn:mavedb:00000013-a-1		p.Gln171Glu	13.0	a	1.0
PTEN	5728.0	DFCI	GRCh37	10	89692799	89692799	+	missense_variant	Missense_Mutation	SNP	C	C	T			GENIE-DFCI-378740-4220056								Unknown		Somatic							112.0	106.0			ENST00000371953.3:c.283C>T	p.Pro95Ser	p.P95S	ENST00000371953	NM_000314.4	95.0	Cca/Tca											PASS	probably_damaging	0.999	deleterious	0.03			218.0	SUCCESS	False	GB	True	True	True	Loss-of-function	19329485;10560660;28481359	Oncogenic				Capivasertib+Fulvestrant	GSK2636771,AZD8186			LEVEL_3B	LEVEL_3B		37256976;28645941;34281912;Hansen et al. Abstract# 2570, ASCO 2017.(http://ascopubs.org/doi/abs/10.1200/JCO.2017.35.15_suppl.2570)															False	P60484	Tc-R-P	Polymorphic toxin system, DSP-PTPase phosphatase	True			False	1.0	0.5340209521020179	urn:mavedb:00000013-a-1		p.Pro95Ser	13.0	a	1.0
PTEN	5728.0	DFCI	GRCh37	10	89692791	89692791	+	missense_variant	Missense_Mutation	SNP	A	A	G			GENIE-DFCI-379357-4192085								Unknown		Somatic							77.0	99.0			ENST00000371953.3:c.275A>G	p.Asp92Gly	p.D92G	ENST00000371953	NM_000314.4	92.0	gAc/gGc											PASS	probably_damaging	0.999	deleterious	0.0			176.0	SUCCESS	False	PAAD	True	True	True	Loss-of-function	21828076	Oncogenic				Capivasertib+Fulvestrant	GSK2636771,AZD8186			LEVEL_3B	LEVEL_3B		37256976;28645941;34281912;Hansen et al. Abstract# 2570, ASCO 2017.(http://ascopubs.org/doi/abs/10.1200/JCO.2017.35.15_suppl.2570)											single residue	2.81113657455673e-09	18.0	breast:4|uterus:4|brain:3|bowel:2|lung:2|head_neck:1|ovary:1|soft_tissue:1	True	P60484	Tc-R-P	Polymorphic toxin system, DSP-PTPase phosphatase	True			False	4.0	0.640134050768005	urn:mavedb:00000013-a-1		p.Asp92Gly	13.0	a	1.0
BRCA1	672.0	DFCI	GRCh37	17	41267753	41267753	+	missense_variant	Missense_Mutation	SNP	T	T	C	rs80357163		GENIE-DFCI-416903-4256858								Unknown		Somatic							70.0	93.0			ENST00000357654.3:c.124A>G	p.Ile42Val	p.I42V	ENST00000357654	NM_007294.3	42.0	Ata/Gta											PASS	possibly_damaging	0.675	deleterious	0.0			163.0	SUCCESS	False	GB	True	True	True	Neutral	23161852;20103620	Likely Neutral																										False	P38398	zf-C3HC4	Zinc finger, C3HC4 type (RING finger)	True			False	18.0	0.4021367577825	urn:mavedb:00000081-a-2		p.Ile42Val	81.0	a	2.0
KRAS	3845.0	DFCI	GRCh37	12	25380275	25380276	+	missense_variant	Missense_Mutation	DNP	TT	TT	CC			GENIE-DFCI-428361-4450326								Unknown		Somatic							207.0	68.0			ENST00000256078.4:c.182_183delinsGG	p.Gln61Arg	p.Q61R	ENST00000256078	NM_033360.2	61.0	cAA/cGG											PASS	benign	0.122	tolerated	0.06			275.0	SUCCESS	False	PAAD	True	True	True	Gain-of-function	30341394;28572459;34117033;25437878	Oncogenic				Avutometinib+Defactinib	Trametinib,Cobimetinib,Binimetinib			LEVEL_3B	LEVEL_3B		40644648;33933896;25435214;24746704;23934108											single residue	0.0	190.0	pancreas:64|bowel:31|lung:28|blood:17|biliary_tract:8|thyroid:8|testis:6|bladder:5|stomach:5|prostate:4|uterus:4|skin:2|unk:2|ampulla_of_vater:1|brain:1|breast:1|liver:1|penis:1|soft_tissue:1	True	P01116	Ras	Ras family	True			False	1.0	0.34578124	urn:mavedb:00000115-a-7		p.Gln61Arg	115.0	a	7.0
TP53	7157.0	DFCI	GRCh37	17	7574018	7574018	+	missense_variant	Missense_Mutation	SNP	G	G	C	rs587782529		GENIE-DFCI-106177-526373								Unknown		Somatic							137.0	108.0			ENST00000269305.4:c.1009C>G	p.Arg337Gly	p.R337G	ENST00000269305	NM_001126112.2	337.0	Cgc/Ggc											PASS	probably_damaging	0.946	deleterious	0.01			245.0	SUCCESS	False	MFH	True	True	True	Likely Neutral	29979965;30224644;27328919;12826609	Likely Neutral																						single residue	8.697719546142539e-22	68.0	lung:17|bowel:11|breast:6|head_neck:5|adrenal_gland:3|pancreas:3|stomach:3|unk:3|brain:2|kidney:2|liver:2|prostate:2|uterus:2|biliary_tract:1|bladder:1|blood:1|cervix:1|ovary:1|skin:1|soft_tissue:1	True	P04637	P53_tetramer	P53 tetramerisation motif	True	Modified residue;Region	Interaction with CARM1;Interaction with HIPK1;Interaction with HIPK2;Oligomerization;Symmetric dimethylarginine; by PRMT5	True	10.0	-1.3691288322585295	urn:mavedb:00000068-a-1		p.Arg337Gly	68.0	a	1.0
TP53	7157.0	DFCI	GRCh37	17	7578197	7578197	+	missense_variant	Missense_Mutation	SNP	C	C	G			GENIE-DFCI-100525-757704								Unknown		Somatic							132.0	91.0			ENST00000269305.4:c.652G>C	p.Val218Leu	p.V218L	ENST00000269305	NM_001126112.2	218.0	Gtg/Ctg											PASS	possibly_damaging	0.764	deleterious	0.05			223.0	SUCCESS	False	LUAD	True	True	True	Likely Neutral	29979965;8556707;30224644;27328919;12826609	Likely Neutral																						single residue	0.0643906580986468	9.0	bladder:2|head_neck:2|skin:2|lung:1|lymph:1|unk:1	True	P04637	P53	P53 DNA-binding domain	True	Region	Interaction with AXIN1;Interaction with CCAR2;Interaction with HIPK1;Required for interaction with FBXO42;Required for interaction with ZNF385A	True	5.0	0.5485837909691924	urn:mavedb:00000068-a-1		p.Val218Leu	68.0	a	1.0
PTEN	5728.0	DFCI	GRCh37	10	89711892	89711892	+	missense_variant	Missense_Mutation	SNP	T	T	G			GENIE-DFCI-552144-5179026								Unknown		Somatic							231.0	32.0			ENST00000371953.3:c.510T>G	p.Ser170Arg	p.S170R	ENST00000371953	NM_000314.4	170.0	agT/agG											PASS	probably_damaging	0.999	deleterious	0.0			263.0	SUCCESS	False	GB	True	True	True	Loss-of-function	9467011;10866302	Oncogenic				Capivasertib+Fulvestrant	GSK2636771,AZD8186			LEVEL_3B	LEVEL_3B		37256976;28645941;34281912;Hansen et al. Abstract# 2570, ASCO 2017.(http://ascopubs.org/doi/abs/10.1200/JCO.2017.35.15_suppl.2570)															False	P60484			False			False	0.0	0.286042073759003	urn:mavedb:00000013-a-1		p.Ser170Arg	13.0	a	1.0
KRAS	3845.0	DFCI	GRCh37	12	25398283	25398286	+	missense_variant	Missense_Mutation	ONP	ACCA	ACCA	TACG			GENIE-DFCI-269128-3559324								Unknown		Somatic							260.0	16.0			ENST00000256078.4:c.33_36delinsCGTA	p.Gly12Val	p.G12V	ENST00000256078	NM_033360.2	11.0	gcTGGT/gcCGTA											PASS							276.0	SUCCESS	False	READ	True	True	True	Gain-of-function	20516123;20949621;30341394;28572459;25359494;20570890;12957286;20147967	Oncogenic				Avutometinib+Defactinib	Daraxonrasib,Trametinib,Cobimetinib,Binimetinib			LEVEL_R1	LEVEL_3B		20921465;21228335;20619739;24024839;18316791;30857956;40644648;Koltun et al. Abstract# 3597, AACR 2022.(https://aacrjournals.org/cancerres/article/82/12_Supplement/3597/702320);Singh et al. Abstract  # 3597, AACR 2022.(https://s3.us-west-2.amazonaws.com/rvmdpubs.revmed.com/2022/AACR_2022_Singh.pdf);33933896;25435214;24746704;23934108											single residue	0.0	2175.0	pancreas:745|lung:570|bowel:500|uterus:84|unk:42|stomach:40|bladder:36|ovary:25|biliary_tract:21|testis:19|breast:15|cervix:15|blood:13|ampulla_of_vater:10|soft_tissue:8|brain:6|kidney:5|prostate:4|skin:4|head_neck:3|thyroid:3|lymph:2|thymus:2|bone:1|liver:1|vulva:1	True	P01116	Ras	Ras family	True	Binding site		True	0.0	0.41398332	urn:mavedb:00000115-a-7		p.Gly12Val	115.0	a	7.0
PTEN	5728.0	DFCI	GRCh37	10	89693000	89693000	+	missense_variant	Missense_Mutation	SNP	G	G	C			GENIE-DFCI-186820-2644579								Unknown		Somatic							171.0	172.0			ENST00000371953.3:c.484G>C	p.Asp162His	p.D162H	ENST00000371953	NM_000314.4	162.0	Gac/Cac											PASS	probably_damaging	0.983	deleterious	0.0			343.0	SUCCESS	False	USC	True	True	True	Loss-of-function	23840064;9787181	Oncogenic				Capivasertib+Fulvestrant	GSK2636771,AZD8186			LEVEL_3B	LEVEL_3B		37256976;28645941;34281912;Hansen et al. Abstract# 2570, ASCO 2017.(http://ascopubs.org/doi/abs/10.1200/JCO.2017.35.15_suppl.2570)															False	P60484			False			False	3.0	0.9313542048697652	urn:mavedb:00000013-a-1		p.Asp162His	13.0	a	1.0
KRAS	3845.0	DFCI	GRCh37	12	25398285	25398286	+	missense_variant	Missense_Mutation	DNP	CA	CA	GC			GENIE-DFCI-585729-5243657								Unknown		Somatic							442.0	16.0			ENST00000256078.4:c.33_34delinsGC	p.Gly12Arg	p.G12R	ENST00000256078	NM_033360.2	11.0	gcTGgt/gcGCgt											PASS							458.0	SUCCESS	False	PAAD	True	True	True	Gain-of-function	30341394;28572459;22722830;32792368	Oncogenic			Daraxonrasib	Avutometinib+Defactinib	Trametinib,Cobimetinib,Binimetinib			LEVEL_3A	LEVEL_3A		38593348;Garrido-Laguna et al. 2025 ASCO Gastrointestinal Cancers Symposium.(https://www.asco.org/abstracts-presentations/ABSTRACT474560);Arbour et al. Abstract# 6520, Annals of Oncol., 2023.(https://www.annalsofoncology.org/article/S0923-7534%2823%2902675-3/fulltext);40644648;33933896;25435214;24746704;23934108											single residue	0.0	2175.0	pancreas:745|lung:570|bowel:500|uterus:84|unk:42|stomach:40|bladder:36|ovary:25|biliary_tract:21|testis:19|breast:15|cervix:15|blood:13|ampulla_of_vater:10|soft_tissue:8|brain:6|kidney:5|prostate:4|skin:4|head_neck:3|thyroid:3|lymph:2|thymus:2|bone:1|liver:1|vulva:1	True	P01116	Ras	Ras family	True	Binding site		True	0.0	0.3982985	urn:mavedb:00000115-a-7		p.Gly12Arg	115.0	a	7.0
TP53	7157.0	DFCI	GRCh37	17	7577070	7577071	+	missense_variant	Missense_Mutation	DNP	GG	GG	AA			GENIE-DFCI-393455-4379411								Unknown		Somatic							217.0	31.0			ENST00000269305.4:c.867_868delinsTT	p.Arg290Cys	p.R290C	ENST00000269305	NM_001126112.2	289.0	ctCCgc/ctTTgc											PASS							248.0	SUCCESS	False	MFH	True	True	True	Likely Neutral	30224644;12826609	Likely Neutral																										False	P04637	P53	P53 DNA-binding domain	True	Region	Disordered;Interaction with AXIN1;Interaction with CCAR2;Interaction with E4F1;Interaction with HIPK1;Required for interaction with ZNF385A	True	3.0	0.0823955108393627	urn:mavedb:00000068-a-1		p.Arg290Cys	68.0	a	1.0
PTEN	5728.0	DFCI	GRCh37	10	89685307	89685307	+	missense_variant	Missense_Mutation	SNP	T	T	A			GENIE-DFCI-006004-1608								Unknown		Somatic							36.0	18.0			ENST00000371953.3:c.202T>A	p.Tyr68Asn	p.Y68N	ENST00000371953	NM_000314.4	68.0	Tac/Aac											PASS	probably_damaging	0.999	deleterious	0.02			54.0	SUCCESS	False	UUC	True	True	True	Loss-of-function	32350270	Oncogenic				Capivasertib+Fulvestrant	GSK2636771,AZD8186			LEVEL_3B	LEVEL_3B		37256976;28645941;34281912;Hansen et al. Abstract# 2570, ASCO 2017.(http://ascopubs.org/doi/abs/10.1200/JCO.2017.35.15_suppl.2570)											single residue	5.27636707238447e-09	11.0	bowel:4|brain:3|uterus:2|breast:1|prostate:1	True	P60484	Tc-R-P	Polymorphic toxin system, DSP-PTPase phosphatase	True			False	0.0	0.107193178374888	urn:mavedb:00000013-a-1		p.Tyr68Asn	13.0	a	1.0
PTEN	5728.0	DFCI	GRCh37	10	89692793	89692793	+	missense_variant	Missense_Mutation	SNP	C	C	G	rs786204927		GENIE-DFCI-005525-2145								Unknown		Somatic							127.0	52.0			ENST00000371953.3:c.277C>G	p.His93Asp	p.H93D	ENST00000371953	NM_000314.4	93.0	Cat/Gat											PASS	probably_damaging	0.998	deleterious	0.0			179.0	SUCCESS	False	UEC	True	True	True	Loss-of-function	21828076	Oncogenic				Capivasertib+Fulvestrant	GSK2636771,AZD8186			LEVEL_3B	LEVEL_3B		37256976;28645941;34281912;Hansen et al. Abstract# 2570, ASCO 2017.(http://ascopubs.org/doi/abs/10.1200/JCO.2017.35.15_suppl.2570)															False	P60484	Tc-R-P	Polymorphic toxin system, DSP-PTPase phosphatase	True			False	3.0	0.8384288401395451	urn:mavedb:00000013-a-1		p.His93Asp	13.0	a	1.0
PTEN	5728.0	DFCI	GRCh37	10	89692845	89692845	+	missense_variant	Missense_Mutation	SNP	A	A	G			GENIE-DFCI-038967-203123								Unknown		Somatic							252.0	129.0			ENST00000371953.3:c.329A>G	p.Gln110Arg	p.Q110R	ENST00000371953	NM_000314.4	110.0	cAa/cGa											PASS	benign	0.055	tolerated	0.15			381.0	SUCCESS	False	CCRCC	True	True	True	Likely Neutral	19329485	Likely Neutral																										False	P60484	Tc-R-P	Polymorphic toxin system, DSP-PTPase phosphatase	True			False	2.0	0.6958808843287989	urn:mavedb:00000013-a-1		p.Gln110Arg	13.0	a	1.0
KRAS	3845.0	DFCI	GRCh37	12	25398284	25398285	+	missense_variant	Missense_Mutation	DNP	CC	CC	GA			GENIE-DFCI-011125-11264								Unknown		Somatic							314.0	26.0			ENST00000256078.4:c.34_35delinsTC	p.Gly12Ser	p.G12S	ENST00000256078	NM_033360.2	12.0	GGt/TCt											PASS	possibly_damaging	0.582	deleterious	0.03			340.0	SUCCESS	False	LUAD	True	True	True	Gain-of-function	28572459;25284075;26184075	Oncogenic			Daraxonrasib	Avutometinib+Defactinib	Trametinib,Cobimetinib,Binimetinib			LEVEL_3A	LEVEL_3A		38593348;Koltun et al. Abstract# 3597, AACR 2022.(https://aacrjournals.org/cancerres/article/82/12_Supplement/3597/702320);Arbour, KC. et al., Abstract#6520, Annals of Oncol., 2023.(https://www.annalsofoncology.org/article/S0923-7534%2823%2902675-3/fulltext);Singh et al. Abstract  # 3597, AACR 2022.(https://s3.us-west-2.amazonaws.com/rvmdpubs.revmed.com/2022/AACR_2022_Singh.pdf);40644648;33933896;25435214;24746704;23934108											single residue	0.0	2175.0	pancreas:745|lung:570|bowel:500|uterus:84|unk:42|stomach:40|bladder:36|ovary:25|biliary_tract:21|testis:19|breast:15|cervix:15|blood:13|ampulla_of_vater:10|soft_tissue:8|brain:6|kidney:5|prostate:4|skin:4|head_neck:3|thyroid:3|lymph:2|thymus:2|bone:1|liver:1|vulva:1	True	P01116	Ras	Ras family	True	Binding site		True	0.0	0.39532286	urn:mavedb:00000115-a-7		p.Gly12Ser	115.0	a	7.0
PTEN	5728.0	DFCI	GRCh37	10	89653817	89653817	+	missense_variant	Missense_Mutation	SNP	G	G	C			GENIE-DFCI-329948-3944816								Unknown		Somatic							16.0	54.0			ENST00000371953.3:c.115G>C	p.Ala39Pro	p.A39P	ENST00000371953	NM_000314.4	39.0	Gca/Cca											PASS	probably_damaging	0.997	deleterious	0.0			70.0	SUCCESS	False	MEL	True	True	True	Loss-of-function	25527629	Oncogenic				Capivasertib+Fulvestrant	GSK2636771,AZD8186			LEVEL_3B	LEVEL_3B		37256976;28645941;34281912;Hansen et al. Abstract# 2570, ASCO 2017.(http://ascopubs.org/doi/abs/10.1200/JCO.2017.35.15_suppl.2570)															False	P60484			False			False	1.0	0.68327531602677	urn:mavedb:00000013-a-1		p.Ala39Pro	13.0	a	1.0
TP53	7157.0	DFCI	GRCh37	17	7577566	7577566	+	missense_variant	Missense_Mutation	SNP	T	T	G			GENIE-DFCI-008562-6499								Unknown		Somatic							152.0	45.0			ENST00000269305.4:c.715A>C	p.Asn239His	p.N239H	ENST00000269305	NM_001126112.2	239.0	Aac/Cac											PASS	probably_damaging	0.999	deleterious	0.0			197.0	SUCCESS	False	DLBCLNOS	True	True	True	Likely Neutral	29979965;8978408;30224644;27328919;12826609	Likely Neutral																						single residue	3.8372975203483283e-34	41.0	lung:7|uterus:7|breast:6|head_neck:3|kidney:3|prostate:3|bowel:2|lymph:2|pancreas:2|adrenal_gland:1|bladder:1|brain:1|liver:1|ovary:1|stomach:1	True	P04637	P53	P53 DNA-binding domain	True	Region	Interaction with AXIN1;Interaction with CCAR2;Interaction with HIPK1;Required for interaction with ZNF385A	True	0.0	0.5878646897937767	urn:mavedb:00000068-a-1		p.Asn239His	68.0	a	1.0
KRAS	3845.0	DFCI	GRCh37	12	25398280	25398281	+	missense_variant	Missense_Mutation	DNP	GC	GC	CA			GENIE-DFCI-010901-8869								Unknown		Somatic							278.0	43.0			ENST00000256078.4:c.38_39delinsTG	p.Gly13Val	p.G13V	ENST00000256078	NM_033360.2	13.0	gGC/gTG											PASS	probably_damaging	0.98	deleterious	0.02			321.0	SUCCESS	False	LUAD	True	True	True	Gain-of-function	26619011;32929330	Oncogenic				Avutometinib+Defactinib	Trametinib,Cobimetinib,Binimetinib			LEVEL_3B	LEVEL_3B		40644648;33933896;25435214;24746704;23934108											single residue	0.0	264.0	bowel:130|lung:57|stomach:17|blood:12|uterus:12|pancreas:7|unk:5|biliary_tract:4|cervix:4|bladder:3|lymph:3|skin:2|soft_tissue:2|ampulla_of_vater:1|brain:1|breast:1|liver:1|ovary:1|testis:1	True	P01116	Ras	Ras family	True	Binding site		True	1.0	0.5345003	urn:mavedb:00000115-a-7		p.Gly13Val	115.0	a	7.0
KRAS	3845.0	GRCC	GRCh37	12	25398262	25398262	+	missense_variant	Missense_Mutation	SNP	C		G	rs121913538		GENIE-GRCC-bff9909f-metastasis-a								Unknown		Somatic							2470.0	339.0			ENST00000256078.4:c.57G>C	p.Leu19Phe	p.L19F	ENST00000256078	NM_033360.2	19.0	ttG/ttC											PASS	probably_damaging	0.999	deleterious	0.01			2809.0	SUCCESS	False	COADREAD	True	True	True	Gain-of-function	20147967;28572459;17150185	Oncogenic				Avutometinib+Defactinib	Trametinib,Cobimetinib,Binimetinib			LEVEL_R1	LEVEL_3B		20921465;21228335;20619739;24024839;18316791;30857956;40644648;33933896;25435214;24746704;23934108											single residue	3.71800769373073e-05	12.0	lung:3|bladder:2|bowel:2|biliary_tract:1|blood:1|lymph:1|stomach:1|unk:1	True	P01116	Ras	Ras family	True			False	3.0	0.36134487	urn:mavedb:00000115-a-7		p.Leu19Phe	115.0	a	7.0
KRAS	3845.0	GRCC	GRCh37	12	25398284	25398285	+	missense_variant	Missense_Mutation	DNP	CC		AC	rs121913529		GENIE-GRCC-dc4fc6ce-metastasis-a								Unknown		Somatic							1088.0	910.0			ENST00000256078.4:c.35delinsT	p.Gly12Val	p.G12V	ENST00000256078	NM_033360.2	12.0	GGt/GTt											PASS	probably_damaging	0.972	deleterious	0.0			1998.0	SUCCESS	False	READ	True	True	True	Gain-of-function	20516123;20949621;30341394;28572459;25359494;20570890;12957286;20147967	Oncogenic				Avutometinib+Defactinib	Daraxonrasib,Trametinib,Cobimetinib,Binimetinib			LEVEL_R1	LEVEL_3B		20921465;21228335;20619739;24024839;18316791;30857956;40644648;Koltun et al. Abstract# 3597, AACR 2022.(https://aacrjournals.org/cancerres/article/82/12_Supplement/3597/702320);Singh et al. Abstract  # 3597, AACR 2022.(https://s3.us-west-2.amazonaws.com/rvmdpubs.revmed.com/2022/AACR_2022_Singh.pdf);33933896;25435214;24746704;23934108											single residue	0.0	2175.0	pancreas:745|lung:570|bowel:500|uterus:84|unk:42|stomach:40|bladder:36|ovary:25|biliary_tract:21|testis:19|breast:15|cervix:15|blood:13|ampulla_of_vater:10|soft_tissue:8|brain:6|kidney:5|prostate:4|skin:4|head_neck:3|thyroid:3|lymph:2|thymus:2|bone:1|liver:1|vulva:1	True	P01116	Ras	Ras family	True	Binding site		True	0.0	0.41398332	urn:mavedb:00000115-a-7		p.Gly12Val	115.0	a	7.0
KRAS	3845.0	GRCC	GRCh37	12	25398284	25398285	+	missense_variant	Missense_Mutation	DNP	CC		TC	rs121913529		GENIE-GRCC-b8be4c26-metastasis-a								Unknown		Somatic							1553.0	444.0			ENST00000256078.4:c.35delinsA	p.Gly12Asp	p.G12D	ENST00000256078	NM_033360.2	12.0	GGt/GAt											PASS	benign	0.303	deleterious	0.0			1997.0	SUCCESS	False	SIC	True	True	True	Gain-of-function	17349581;19296721;11751631;15093544;30341394;28572459;20570890;32792368;20147967;Nagashima et al. Abstract# 5735, AACR 2023.(https://aacrjournals.org/cancerres/article/83/7_Supplement/5735/722276)	Oncogenic				Avutometinib+Defactinib	Daraxonrasib,MRTX-1133,Trametinib,ASP3082,Cobimetinib,Binimetinib			LEVEL_3B	LEVEL_3B		40644648;Koltun et al. Abstract# 3597, AACR 2022.(https://aacrjournals.org/cancerres/article/82/12_Supplement/3597/702320);Singh et al. Abstract  # 3597, AACR 2022.(https://s3.us-west-2.amazonaws.com/rvmdpubs.revmed.com/2022/AACR_2022_Singh.pdf);36472553;33933896;25435214;24746704;23934108;Nagashima et al. Abstract# 5735, AACR 2023.(https://aacrjournals.org/cancerres/article/83/7_Supplement/5735/722276)											single residue	0.0	2175.0	pancreas:745|lung:570|bowel:500|uterus:84|unk:42|stomach:40|bladder:36|ovary:25|biliary_tract:21|testis:19|breast:15|cervix:15|blood:13|ampulla_of_vater:10|soft_tissue:8|brain:6|kidney:5|prostate:4|skin:4|head_neck:3|thyroid:3|lymph:2|thymus:2|bone:1|liver:1|vulva:1	True	P01116	Ras	Ras family	True	Binding site		True	0.0	0.23077428	urn:mavedb:00000115-a-7		p.Gly12Asp	115.0	a	7.0
TP53	7157.0	GRCC	GRCh37	17	7577120	7577121	+	missense_variant	Missense_Mutation	DNP	CG		TG	rs28934576		GENIE-GRCC-cac551cf-metastasis-a								Unknown		Somatic							223.0	529.0			ENST00000269305.4:c.818delinsA	p.Arg273His	p.R273H	ENST00000269305	NM_001126112.2	273.0	CGt/CAt											PASS	possibly_damaging	0.643	tolerated	0.13			752.0	SUCCESS	False	LMS	True	True	True	Loss-of-function	31776133;25584008;26181206;15037740	Oncogenic																						single residue	0.0	609.0	brain:113|bowel:105|lung:78|stomach:74|breast:43|ovary:37|uterus:30|head_neck:29|pancreas:27|prostate:18|bladder:11|kidney:7|unk:6|blood:5|soft_tissue:5|biliary_tract:4|bone:3|liver:3|lymph:3|thyroid:3|skin:2|adrenal_gland:1|ampulla_of_vater:1|thymus:1	True	P04637	P53	P53 DNA-binding domain	True	Region	Interaction with AXIN1;Interaction with CCAR2;Interaction with DNA;Interaction with E4F1;Interaction with HIPK1;Required for interaction with ZNF385A	True	1.0	1.1455008200687682	urn:mavedb:00000068-a-1		p.Arg273His	68.0	a	1.0
TP53	7157.0	GRCC	GRCh37	17	7577085	7577085	+	missense_variant	Missense_Mutation	SNP	C		G			GENIE-GRCC-6a1d8c8e-metastasis-a								Unknown		Somatic							115.0	848.0			ENST00000269305.4:c.853G>C	p.Glu285Gln	p.E285Q	ENST00000269305	NM_001126112.2	285.0	Gag/Cag											PASS	probably_damaging	0.988	deleterious	0.03			963.0	SUCCESS	False	LUNE	True	True	True	Likely Neutral	29979965;11596036;30224644;27328919;12826609	Likely Neutral																						single residue	1.42429549670277e-26	99.0	bladder:33|lung:15|breast:10|stomach:8|skin:6|bowel:5|head_neck:5|unk:4|biliary_tract:3|cervix:2|prostate:2|adrenal_gland:1|bone:1|lymph:1|pleura:1|thyroid:1|uterus:1	True	P04637	P53	P53 DNA-binding domain	True	Region	Disordered;Interaction with AXIN1;Interaction with CCAR2;Interaction with E4F1;Interaction with HIPK1;Required for interaction with ZNF385A	True	5.0	0.2113320168578842	urn:mavedb:00000068-a-1		p.Glu285Gln	68.0	a	1.0
KRAS	3845.0	GRCC	GRCh37	12	25398262	25398262	+	missense_variant	Missense_Mutation	SNP	C		A	rs121913538		GENIE-GRCC-4bf10417-metastasis-a								Unknown		Somatic							776.0	1219.0			ENST00000256078.4:c.57G>T	p.Leu19Phe	p.L19F	ENST00000256078	NM_033360.2	19.0	ttG/ttT											PASS	probably_damaging	0.999	deleterious	0.01			1995.0	SUCCESS	False	LUAD	True	True	True	Gain-of-function	20147967;28572459;17150185	Oncogenic				Avutometinib+Defactinib	Trametinib,Cobimetinib,Binimetinib			LEVEL_3B	LEVEL_3B		40644648;33933896;25435214;24746704;23934108											single residue	3.71800769373073e-05	12.0	lung:3|bladder:2|bowel:2|biliary_tract:1|blood:1|lymph:1|stomach:1|unk:1	True	P01116	Ras	Ras family	True			False	3.0	0.36134487	urn:mavedb:00000115-a-7		p.Leu19Phe	115.0	a	7.0
TP53	7157.0	GRCC	GRCh37	17	7578479	7578480	+	missense_variant	Missense_Mutation	DNP	GT		AT	rs28934874		GENIE-GRCC-ee83ad47-metastasis-a								Unknown		Somatic							518.0	1481.0			ENST00000269305.4:c.451delinsT	p.Pro151Ser	p.P151S	ENST00000269305	NM_001126112.2	150.0	acACcc/acATcc											PASS							1999.0	SUCCESS	False	PRAD	True	True	True	Loss-of-function	21903770	Oncogenic																						single residue	1.30026283538923e-57	79.0	bowel:12|head_neck:8|lung:7|breast:6|pancreas:6|ovary:5|skin:5|stomach:5|bladder:4|brain:4|unk:4|uterus:3|kidney:2|liver:2|prostate:2|soft_tissue:2|blood:1|thyroid:1	True	P04637	P53	P53 DNA-binding domain	True	Region	Interaction with AXIN1;Interaction with CCAR2;Interaction with HIPK1;Required for interaction with FBXO42;Required for interaction with ZNF385A	True	1.0	1.5065816318519336	urn:mavedb:00000068-a-1		p.Pro151Ser	68.0	a	1.0
KRAS	3845.0	GRCC	GRCh37	12	25398284	25398285	+	missense_variant	Missense_Mutation	DNP	CC		GC	rs121913529		GENIE-GRCC-719021bf-metastasis-a								Unknown		Somatic							173.0	1807.0			ENST00000256078.4:c.35delinsC	p.Gly12Ala	p.G12A	ENST00000256078	NM_033360.2	12.0	GGt/GCt											PASS	possibly_damaging	0.723	deleterious	0.02			1980.0	SUCCESS	False	COAD	True	True	True	Gain-of-function	30341394;26662311;26037647;23182985	Oncogenic				Avutometinib+Defactinib	Daraxonrasib,Trametinib,Cobimetinib,Binimetinib			LEVEL_R1	LEVEL_3B		20921465;21228335;20619739;24024839;18316791;30857956;40644648;Koltun et al. Abstract# 3597, AACR 2022.(https://aacrjournals.org/cancerres/article/82/12_Supplement/3597/702320);Singh et al. Abstract  # 3597, AACR 2022.(https://s3.us-west-2.amazonaws.com/rvmdpubs.revmed.com/2022/AACR_2022_Singh.pdf);33933896;25435214;24746704;23934108											single residue	0.0	2175.0	pancreas:745|lung:570|bowel:500|uterus:84|unk:42|stomach:40|bladder:36|ovary:25|biliary_tract:21|testis:19|breast:15|cervix:15|blood:13|ampulla_of_vater:10|soft_tissue:8|brain:6|kidney:5|prostate:4|skin:4|head_neck:3|thyroid:3|lymph:2|thymus:2|bone:1|liver:1|vulva:1	True	P01116	Ras	Ras family	True	Binding site		True	0.0	0.31809312	urn:mavedb:00000115-a-7		p.Gly12Ala	115.0	a	7.0
TP53	7157.0	GRCC	GRCh37	17	7578461	7578462	+	missense_variant	Missense_Mutation	DNP	CG		TG	rs121912654		GENIE-GRCC-675e3c17-sample-a								Unknown		Somatic							773.0	455.0			ENST00000269305.4:c.469delinsA	p.Val157Ile	p.V157I	ENST00000269305	NM_001126112.2	156.0	cgCGtc/cgCAtc											PASS							1228.0	SUCCESS	False	LCLC	True	True	True	Likely Neutral	37697151;29979965;17539962;30224644;12826609	Likely Neutral																										False	P04637	P53	P53 DNA-binding domain	True	Region	Interaction with AXIN1;Interaction with CCAR2;Interaction with HIPK1;Required for interaction with FBXO42;Required for interaction with ZNF385A	True	5.0	0.5938631071047228	urn:mavedb:00000068-a-1		p.Val157Ile	68.0	a	1.0
PTEN	5728.0	GRCC	GRCh37	10	89711893	89711893	+	missense_variant	Missense_Mutation	SNP	C		G			GENIE-GRCC-0ab7faa2-sample-a								Unknown		Somatic							504.0	1119.0			ENST00000371953.3:c.511C>G	p.Gln171Glu	p.Q171E	ENST00000371953	NM_000314.4	171.0	Cag/Gag											PASS	possibly_damaging	0.665	deleterious	0.02			1623.0	SUCCESS	False	COAD	True	True	True	Loss-of-function	32350270;32366478	Oncogenic				Capivasertib+Fulvestrant	GSK2636771,AZD8186			LEVEL_3B	LEVEL_3B		37256976;28645941;34281912;Hansen et al. Abstract# 2570, ASCO 2017.(http://ascopubs.org/doi/abs/10.1200/JCO.2017.35.15_suppl.2570)															False	P60484			False			False	0.0	0.5913572971649089	urn:mavedb:00000013-a-1		p.Gln171Glu	13.0	a	1.0
PTEN	5728.0	GRCC	GRCh37	10	89692790	89692790	+	missense_variant	Missense_Mutation	SNP	G		C			GENIE-GRCC-69cda2a7-sample-a								Unknown		Somatic							276.0	210.0			ENST00000371953.3:c.274G>C	p.Asp92His	p.D92H	ENST00000371953	NM_000314.4	92.0	Gac/Cac											PASS	probably_damaging	1.0	deleterious	0.0			486.0	SUCCESS	False	IDC	True	True	True	Loss-of-function	21828076	Oncogenic	Capivasertib+Fulvestrant				GSK2636771,AZD8186			LEVEL_1	LEVEL_1		37256976;28645941;34281912;Hansen et al. Abstract# 2570, ASCO 2017.(http://ascopubs.org/doi/abs/10.1200/JCO.2017.35.15_suppl.2570)											single residue	2.81113657455673e-09	18.0	breast:4|uterus:4|brain:3|bowel:2|lung:2|head_neck:1|ovary:1|soft_tissue:1	True	P60484	Tc-R-P	Polymorphic toxin system, DSP-PTPase phosphatase	True			False	4.0	0.999658654254048	urn:mavedb:00000013-a-1		p.Asp92His	13.0	a	1.0
BRCA1	672.0	GRCC	GRCh37	17	41276061	41276061	+	missense_variant	Missense_Mutation	SNP	A		G	rs80356929		GENIE-GRCC-hhsrwgq5-sample-a								Unknown		Somatic							283.0	294.0			ENST00000357654.3:c.53T>C	p.Met18Thr	p.M18T	ENST00000357654	NM_007294.3	18.0	aTg/aCg											PASS	benign	0.344	deleterious	0.0			577.0	SUCCESS	False	CHOL	True	True	True	Loss-of-function	20103620;23867111;23161852;21922593	Oncogenic				Olaparib,Talazoparib,Olaparib+Bevacizumab,Rucaparib,Olaparib+Abiraterone+Prednisone,Niraparib,Talazoparib+Enzalutamide				LEVEL_3B	LEVEL_3B		36082969;25366685;24882434;30110579;36394867;37992259;30563931;Dhawan et al. Abstract# 2527, ASCO 2017.(https://ascopubs.org/doi/abs/10.1200/JCO.2017.35.15_suppl.2527);32795228;Clarke et al. Abstract# LBA16, ASCO GUCS 2023.(https://ascopubs.org/doi/abs/10.1200/JCO.2023.41.6_suppl.LBA16);30948273;27717299;31562799;37285865															False	P38398			False			False	2.0	-1.146159234701	urn:mavedb:00000081-a-2		p.Met18Thr	81.0	a	2.0
KRAS	3845.0	GRCC	GRCh37	12	25398282	25398283	+	missense_variant	Missense_Mutation	DNP	CA		AA	rs121913535		GENIE-GRCC-ogi3so18-sample-a								Unknown		Somatic							1660.0	332.0			ENST00000256078.4:c.37delinsT	p.Gly13Cys	p.G13C	ENST00000256078	NM_033360.2	12.0	ggTGgc/ggTTgc											PASS							1992.0	SUCCESS	False	LUAD	True	True	True	Gain-of-function	28572459;21079152;25705018	Oncogenic				Avutometinib+Defactinib	Trametinib,Cobimetinib,Binimetinib			LEVEL_3B	LEVEL_3B		40644648;33933896;25435214;24746704;23934108											single residue	0.0	264.0	bowel:130|lung:57|stomach:17|blood:12|uterus:12|pancreas:7|unk:5|biliary_tract:4|cervix:4|bladder:3|lymph:3|skin:2|soft_tissue:2|ampulla_of_vater:1|brain:1|breast:1|liver:1|ovary:1|testis:1	True	P01116	Ras	Ras family	True	Binding site		True	0.0	0.3084031	urn:mavedb:00000115-a-7		p.Gly13Cys	115.0	a	7.0
TP53	7157.0	GRCC	GRCh37	17	7577084	7577084	+	missense_variant	Missense_Mutation	SNP	T		A	rs121912667		GENIE-GRCC-w6lswa18-sample-a								Unknown		Somatic							1862.0	132.0			ENST00000269305.4:c.854A>T	p.Glu285Val	p.E285V	ENST00000269305	NM_001126112.2	285.0	gAg/gTg		0.0	0.0	0.0	0.0	0.0	0.0	0.0	0.0	0.0	PASS	probably_damaging	0.983	deleterious	0.0			1994.0	SUCCESS	False	LUAD	True	True	True	Loss-of-function	18762572;25584008	Oncogenic																						single residue	1.42429549670277e-26	99.0	bladder:33|lung:15|breast:10|stomach:8|skin:6|bowel:5|head_neck:5|unk:4|biliary_tract:3|cervix:2|prostate:2|adrenal_gland:1|bone:1|lymph:1|pleura:1|thyroid:1|uterus:1	True	P04637	P53	P53 DNA-binding domain	True	Region	Disordered;Interaction with AXIN1;Interaction with CCAR2;Interaction with E4F1;Interaction with HIPK1;Required for interaction with ZNF385A	True	5.0	1.7113374110689767	urn:mavedb:00000068-a-1		p.Glu285Val	68.0	a	1.0
TP53	7157.0	GRCC	GRCh37	17	7579329	7579329	+	missense_variant	Missense_Mutation	SNP	T		C	rs121912658		GENIE-GRCC-p5gk1f18-sample-a								Unknown		Somatic							91.0	169.0			ENST00000269305.4:c.358A>G	p.Lys120Glu	p.K120E	ENST00000269305	NM_001126112.2	120.0	Aag/Gag											PASS	probably_damaging	1.0	deleterious	0.0			260.0	SUCCESS	False	LUAD	True	True	True	Loss-of-function	18524770;24814347;17189187	Oncogenic																						single residue	0.0176054406780031	9.0	brain:4|lung:2|head_neck:1|skin:1|stomach:1	True	P04637	P53	P53 DNA-binding domain	True	Modified residue;Region;Site	Interaction with AXIN1;Interaction with CCAR2;Interaction with DNA;Interaction with HIPK1;N6-acetyllysine;N6-lactoyllysine;Required for interaction with FBXO42;Required for interaction with ZNF385A	True	0.0	0.5793028412894425	urn:mavedb:00000068-a-1		p.Lys120Glu	68.0	a	1.0
KRAS	3845.0	NKI	GRCh37	12	25398282	25398285	+	missense_variant	Missense_Mutation	ONP	CACC	CACC	AACC	rs121913535		GENIE-NKI-0BYQ-51OI	NORMAL							Unknown		Somatic							448.0	18.0			ENST00000256078.4:c.37delinsT	p.Gly13Cys	p.G13C	ENST00000256078	NM_033360.2	12.0	GGTGgc/GGTTgc											PASS							470.0	SUCCESS	False	CEMU	True	True	True	Gain-of-function	28572459;21079152;25705018	Oncogenic				Avutometinib+Defactinib	Trametinib,Cobimetinib,Binimetinib			LEVEL_3B	LEVEL_3B		40644648;33933896;25435214;24746704;23934108											single residue	0.0	264.0	bowel:130|lung:57|stomach:17|blood:12|uterus:12|pancreas:7|unk:5|biliary_tract:4|cervix:4|bladder:3|lymph:3|skin:2|soft_tissue:2|ampulla_of_vater:1|brain:1|breast:1|liver:1|ovary:1|testis:1	True	P01116	Ras	Ras family	True	Binding site		True	0.0	0.3084031	urn:mavedb:00000115-a-7		p.Gly13Cys	115.0	a	7.0
TP53	7157.0	MSK	GRCh37	17	7579328	7579328	+	missense_variant	Missense_Mutation	SNP	T	T	A			GENIE-MSK-P-0105633-T02-IM7								Unknown		SOMATIC							315.0	180.0	440.0	0.0	ENST00000269305.4:c.359A>T	p.Lys120Met	p.K120M	ENST00000269305	NM_001126112.2	120.0	aAg/aTg											PASS	probably_damaging	1.0	deleterious	0.0		440.0	495.0	SUCCESS	False	NECNOS	True	True	True	Loss-of-function	17189187	Oncogenic																						single residue	0.0176054406780031	9.0	brain:4|lung:2|head_neck:1|skin:1|stomach:1	True	P04637	P53	P53 DNA-binding domain	True	Modified residue;Region;Site	Interaction with AXIN1;Interaction with CCAR2;Interaction with DNA;Interaction with HIPK1;N6-acetyllysine;N6-lactoyllysine;Required for interaction with FBXO42;Required for interaction with ZNF385A	True	0.0	0.5143078245588978	urn:mavedb:00000068-a-1		p.Lys120Met	68.0	a	1.0
TP53	7157.0	MSK	GRCh37	17	7578226	7578226	+	missense_variant	Missense_Mutation	SNP	T	T	C			GENIE-MSK-P-0103861-T01-IM7								Unknown		SOMATIC							198.0	27.0	411.0	0.0	ENST00000269305.4:c.623A>G	p.Asp208Gly	p.D208G	ENST00000269305	NM_001126112.2	208.0	gAc/gGc											PASS	probably_damaging	0.988	deleterious	0.04		411.0	225.0	SUCCESS	False	PRAD	True	True	True	Likely Neutral	9516972;27328919;12826609	Likely Neutral																						single residue	0.0123251218508829	12.0	breast:4|lung:3|brain:2|bladder:1|ovary:1|uterus:1	True	P04637	P53	P53 DNA-binding domain	True	Region	Interaction with AXIN1;Interaction with CCAR2;Interaction with HIPK1;Required for interaction with FBXO42;Required for interaction with ZNF385A	True	3.0	0.6707200905720918	urn:mavedb:00000068-a-1		p.Asp208Gly	68.0	a	1.0
KRAS	3845.0	MSK	GRCh37	12	25398280	25398281	+	missense_variant	Missense_Mutation	DNP	GC	GC	TA			GENIE-MSK-P-0101138-T02-IM7								Unknown		SOMATIC							326.0	138.0	302.0	0.0	ENST00000256078.4:c.38_39delinsTA	p.Gly13Val	p.G13V	ENST00000256078	NM_033360.2	13.0	gGC/gTA											PASS	probably_damaging	0.98	deleterious	0.02		302.0	464.0	SUCCESS	False	READ	True	True	True	Gain-of-function	26619011;32929330	Oncogenic				Avutometinib+Defactinib	Trametinib,Cobimetinib,Binimetinib			LEVEL_R1	LEVEL_3B		20921465;21228335;20619739;24024839;18316791;30857956;40644648;33933896;25435214;24746704;23934108											single residue	0.0	264.0	bowel:130|lung:57|stomach:17|blood:12|uterus:12|pancreas:7|unk:5|biliary_tract:4|cervix:4|bladder:3|lymph:3|skin:2|soft_tissue:2|ampulla_of_vater:1|brain:1|breast:1|liver:1|ovary:1|testis:1	True	P01116	Ras	Ras family	True	Binding site		True	1.0	0.5345003	urn:mavedb:00000115-a-7		p.Gly13Val	115.0	a	7.0
PTEN	5728.0	MSK	GRCh37	10	89692978	89692978	+	missense_variant	Missense_Mutation	SNP	C	C	G			GENIE-MSK-P-0098758-T01-IM7								Unknown		SOMATIC							233.0	52.0	306.0	0.0	ENST00000371953.3:c.462C>G	p.Phe154Leu	p.F154L	ENST00000371953	NM_000314.4	154.0	ttC/ttG											PASS	possibly_damaging	0.813	tolerated	0.07		306.0	285.0	SUCCESS	False	NSCLC	True	True	True	Loss-of-function	29876005;19329485;22498935;15923161	Oncogenic				Capivasertib+Fulvestrant	GSK2636771,AZD8186			LEVEL_3B	LEVEL_3B		37256976;28645941;34281912;Hansen et al. Abstract# 2570, ASCO 2017.(http://ascopubs.org/doi/abs/10.1200/JCO.2017.35.15_suppl.2570)															False	P60484			False			False	1.0	0.422159163671711	urn:mavedb:00000013-a-1		p.Phe154Leu	13.0	a	1.0
PTEN	5728.0	MSK	GRCh37	10	89692997	89692997	+	missense_variant	Missense_Mutation	SNP	A	A	G			GENIE-MSK-P-0097611-T01-IM7								Unknown		SOMATIC							30.0	249.0	363.0	0.0	ENST00000371953.3:c.481A>G	p.Arg161Gly	p.R161G	ENST00000371953	NM_000314.4	161.0	Aga/Gga											PASS	benign	0.237	tolerated	0.13		363.0	279.0	SUCCESS	False	GB	True	True	True	Loss-of-function	21828076	Oncogenic				Capivasertib+Fulvestrant	GSK2636771,AZD8186			LEVEL_3B	LEVEL_3B		37256976;28645941;34281912;Hansen et al. Abstract# 2570, ASCO 2017.(http://ascopubs.org/doi/abs/10.1200/JCO.2017.35.15_suppl.2570)															False	P60484			False			False	2.0	1.00095939727666	urn:mavedb:00000013-a-1		p.Arg161Gly	13.0	a	1.0
TP53	7157.0	MSK	GRCh37	17	7579325	7579325	+	missense_variant	Missense_Mutation	SNP	G	G	A			GENIE-MSK-P-0089365-T01-IM7								Unknown		SOMATIC							151.0	166.0	380.0	0.0	ENST00000269305.4:c.362C>T	p.Ser121Phe	p.S121F	ENST00000269305	NM_001126112.2	121.0	tCt/tTt											PASS	possibly_damaging	0.835	deleterious	0.02		380.0	317.0	SUCCESS	False	UTUC	True	True	True	Likely Gain-of-function	22955915;15781620	Likely Neutral																										False	P04637	P53	P53 DNA-binding domain	True	Region	Interaction with AXIN1;Interaction with CCAR2;Interaction with HIPK1;Required for interaction with FBXO42;Required for interaction with ZNF385A	True	1.0	0.1509224241437348	urn:mavedb:00000068-a-1		p.Ser121Phe	68.0	a	1.0
PTEN	5728.0	MSK	GRCh37	10	89711890	89711890	+	missense_variant	Missense_Mutation	SNP	A	A	C			GENIE-MSK-P-0050930-T04-IM7								Unknown		SOMATIC							420.0	41.0	425.0	0.0	ENST00000371953.3:c.508A>C	p.Ser170Arg	p.S170R	ENST00000371953	NM_000314.4	170.0	Agt/Cgt											PASS	probably_damaging	0.999	deleterious	0.0		425.0	461.0	SUCCESS	False	LUAD	True	True	True	Loss-of-function	9467011;10866302	Oncogenic				Capivasertib+Fulvestrant	GSK2636771,AZD8186			LEVEL_3B	LEVEL_3B		37256976;28645941;34281912;Hansen et al. Abstract# 2570, ASCO 2017.(http://ascopubs.org/doi/abs/10.1200/JCO.2017.35.15_suppl.2570)															False	P60484			False			False	0.0	0.286042073759003	urn:mavedb:00000013-a-1		p.Ser170Arg	13.0	a	1.0
KRAS	3845.0	MSK	GRCh37	12	25398285	25398286	+	missense_variant	Missense_Mutation	DNP	CA	CA	AC			GENIE-MSK-P-0082658-T02-IM7								Unknown		SOMATIC							243.0	104.0	298.0	0.0	ENST00000256078.4:c.33_34delinsGT	p.Gly12Cys	p.G12C	ENST00000256078	NM_033360.2	11.0	gcTGgt/gcGTgt											PASS						298.0	347.0	SUCCESS	False	LUAD	True	True	True	Gain-of-function	25705018;38096473;24256730;28572459;16051643;32792368;26841430;Fakih et al. Abstract# 3003, ASCO 2019.(https://meetinglibrary.asco.org/record/172411/abstract)	Oncogenic	Sotorasib,Adagrasib			Adagrasib+Cetuximab,Adagrasib+Panitumumab,Avutometinib+Defactinib,Sotorasib+Cetuximab,Sotorasib+Panitumumab	Trametinib,Cobimetinib,Binimetinib			LEVEL_1	LEVEL_1		38157806;34096690;32955176;37098232;36764316;35658005;Gadgeel, S. et al., Abstract# MA06.04, Journal of Thoracic Oncology Vol. 18.(https://www.jto.org/article/S1556-0864%2823%2900954-1/fulltext);38587856;37870968;36546659;38177853;40644648;33933896;25435214;24746704;23934108											single residue	0.0	2175.0	pancreas:745|lung:570|bowel:500|uterus:84|unk:42|stomach:40|bladder:36|ovary:25|biliary_tract:21|testis:19|breast:15|cervix:15|blood:13|ampulla_of_vater:10|soft_tissue:8|brain:6|kidney:5|prostate:4|skin:4|head_neck:3|thyroid:3|lymph:2|thymus:2|bone:1|liver:1|vulva:1	True	P01116	Ras	Ras family	True	Binding site		True	0.0	0.33565634	urn:mavedb:00000115-a-7		p.Gly12Cys	115.0	a	7.0
BRCA1	672.0	MSK	GRCh37	17	41251830	41251830	+	missense_variant	Missense_Mutation	SNP	C	C	T	rs80357264		GENIE-MSK-P-0081352-T01-IM7								Unknown		SOMATIC							330.0	169.0	497.0	0.0	ENST00000357654.3:c.509G>A	p.Arg170Gln	p.R170Q	ENST00000357654	NM_007294.3	170.0	cGg/cAg		3.57893e-05	6.15157e-05	0.0	0.0	0.0	0.0	7.03284e-05	0.0	0.0	PASS	benign	0.0	tolerated	1.0		497.0	499.0	SUCCESS	False	READ	True	True	True	Neutral	23161852	Likely Neutral																										False	P38398			False			False	2.0	-0.176514366762175	urn:mavedb:00000081-a-2		p.Arg170Gln	81.0	a	2.0
KRAS	3845.0	MSK	GRCh37	12	25380275	25380276	+	missense_variant	Missense_Mutation	DNP	TT	TT	GC			GENIE-MSK-P-0079757-T01-IM7								Unknown		SOMATIC							174.0	136.0	517.0	1.0	ENST00000256078.4:c.182_183delinsGC	p.Gln61Arg	p.Q61R	ENST00000256078	NM_033360.2	61.0	cAA/cGC											PASS	benign	0.122	tolerated	0.06		518.0	310.0	SUCCESS	False	COAD	True	True	True	Gain-of-function	30341394;28572459;34117033;25437878	Oncogenic				Avutometinib+Defactinib	Trametinib,Cobimetinib,Binimetinib			LEVEL_R1	LEVEL_3B		20921465;21228335;20619739;24024839;18316791;30857956;40644648;33933896;25435214;24746704;23934108											single residue	0.0	190.0	pancreas:64|bowel:31|lung:28|blood:17|biliary_tract:8|thyroid:8|testis:6|bladder:5|stomach:5|prostate:4|uterus:4|skin:2|unk:2|ampulla_of_vater:1|brain:1|breast:1|liver:1|penis:1|soft_tissue:1	True	P01116	Ras	Ras family	True			False	1.0	0.34578124	urn:mavedb:00000115-a-7		p.Gln61Arg	115.0	a	7.0
PTEN	5728.0	MSK	GRCh37	10	89692890	89692890	+	missense_variant	Missense_Mutation	SNP	A	A	G			GENIE-MSK-P-0078002-T01-IM7								Unknown		SOMATIC							148.0	38.0	277.0	0.0	ENST00000371953.3:c.374A>G	p.Lys125Arg	p.K125R	ENST00000371953	NM_000314.4	125.0	aAa/aGa											PASS	probably_damaging	0.996	deleterious	0.0		277.0	186.0	SUCCESS	False	UMEC	True	True	True	Neutral	21828076	Likely Neutral																										False	P60484	Tc-R-P	Polymorphic toxin system, DSP-PTPase phosphatase	True			False	0.0	0.918848929356298	urn:mavedb:00000013-a-1		p.Lys125Arg	13.0	a	1.0
KRAS	3845.0	MSK	GRCh37	12	25380289	25380289	+	missense_variant	Missense_Mutation	SNP	C	C	T			GENIE-MSK-P-0075714-T01-IM7								Unknown		SOMATIC							310.0	108.0	262.0	0.0	ENST00000256078.4:c.169G>A	p.Asp57Asn	p.D57N	ENST00000256078	NM_033360.2	57.0	Gac/Aac											PASS	probably_damaging	0.992	deleterious	0.0		262.0	418.0	SUCCESS	False	COAD	True	True	True	Likely Neutral	22895193;34117033;28234344	Likely Neutral																										False	P01116	Ras	Ras family	True			False	1.0	0.41569796	urn:mavedb:00000115-a-7		p.Asp57Asn	115.0	a	7.0
KRAS	3845.0	MSK	GRCh37	12	25398284	25398286	+	missense_variant	Missense_Mutation	TNP	CCA	CCA	GCT			GENIE-MSK-P-0073264-T02-IM7								Unknown		SOMATIC							281.0	89.0	252.0	0.0	ENST00000256078.4:c.33_35delinsAGC	p.Gly12Ala	p.G12A	ENST00000256078	NM_033360.2	11.0	gcTGGt/gcAGCt											PASS						252.0	370.0	SUCCESS	False	LUAD	True	True	True	Gain-of-function	30341394;26662311;26037647;23182985	Oncogenic			Daraxonrasib	Avutometinib+Defactinib	Trametinib,Cobimetinib,Binimetinib			LEVEL_3A	LEVEL_3A		38593348;Koltun et al. Abstract# 3597, AACR 2022.(https://aacrjournals.org/cancerres/article/82/12_Supplement/3597/702320);Arbour, KC. et al., Abstract#6520, Annals of Oncol., 2023.(https://www.annalsofoncology.org/article/S0923-7534%2823%2902675-3/fulltext);Singh et al. Abstract  # 3597, AACR 2022.(https://s3.us-west-2.amazonaws.com/rvmdpubs.revmed.com/2022/AACR_2022_Singh.pdf);40644648;33933896;25435214;24746704;23934108											single residue	0.0	2175.0	pancreas:745|lung:570|bowel:500|uterus:84|unk:42|stomach:40|bladder:36|ovary:25|biliary_tract:21|testis:19|breast:15|cervix:15|blood:13|ampulla_of_vater:10|soft_tissue:8|brain:6|kidney:5|prostate:4|skin:4|head_neck:3|thyroid:3|lymph:2|thymus:2|bone:1|liver:1|vulva:1	True	P01116	Ras	Ras family	True	Binding site		True	0.0	0.31809312	urn:mavedb:00000115-a-7		p.Gly12Ala	115.0	a	7.0
PTEN	5728.0	MSK	GRCh37	10	89692905	89692906	+	missense_variant	Missense_Mutation	DNP	GA	GA	CT			GENIE-MSK-P-0072896-T01-IM7								Unknown		SOMATIC							196.0	122.0	275.0	0.0	ENST00000371953.3:c.389_390delinsCT	p.Arg130Pro	p.R130P	ENST00000371953	NM_000314.4	130.0	cGA/cCT											PASS	probably_damaging	0.999	deleterious	0.0		275.0	318.0	SUCCESS	False	UEC	True	True	True	Loss-of-function	32350270;32366478	Oncogenic				Capivasertib+Fulvestrant	GSK2636771,AZD8186			LEVEL_3B	LEVEL_3B		37256976;28645941;34281912;Hansen et al. Abstract# 2570, ASCO 2017.(http://ascopubs.org/doi/abs/10.1200/JCO.2017.35.15_suppl.2570)											single residue	1.9165879686530897e-210	168.0	uterus:83|brain:14|breast:14|bowel:13|lung:8|prostate:8|skin:5|cervix:4|head_neck:4|stomach:3|biliary_tract:2|kidney:2|ovary:2|soft_tissue:2|penis:1|pleura:1|thyroid:1|unk:1	True	P60484	Tc-R-P	Polymorphic toxin system, DSP-PTPase phosphatase	True			False	0.0	1.15629126640123	urn:mavedb:00000013-a-1		p.Arg130Pro	13.0	a	1.0
KRAS	3845.0	MSK	GRCh37	12	25398284	25398286	+	missense_variant	Missense_Mutation	TNP	CCA	CCA	ACG			GENIE-MSK-P-0071940-T01-IM7								Unknown		SOMATIC							335.0	15.0	339.0	0.0	ENST00000256078.4:c.33_35delinsCGT	p.Gly12Val	p.G12V	ENST00000256078	NM_033360.2	11.0	gcTGGt/gcCGTt											PASS						339.0	350.0	SUCCESS	False	PAAD	True	True	True	Gain-of-function	20516123;20949621;30341394;28572459;25359494;20570890;12957286;20147967	Oncogenic			Daraxonrasib	Avutometinib+Defactinib	Trametinib,Cobimetinib,Binimetinib			LEVEL_3A	LEVEL_3A		38593348;Garrido-Laguna et al. 2025 ASCO Gastrointestinal Cancers Symposium.(https://www.asco.org/abstracts-presentations/ABSTRACT474560);Arbour et al. Abstract# 6520, Annals of Oncol., 2023.(https://www.annalsofoncology.org/article/S0923-7534%2823%2902675-3/fulltext);40644648;33933896;25435214;24746704;23934108											single residue	0.0	2175.0	pancreas:745|lung:570|bowel:500|uterus:84|unk:42|stomach:40|bladder:36|ovary:25|biliary_tract:21|testis:19|breast:15|cervix:15|blood:13|ampulla_of_vater:10|soft_tissue:8|brain:6|kidney:5|prostate:4|skin:4|head_neck:3|thyroid:3|lymph:2|thymus:2|bone:1|liver:1|vulva:1	True	P01116	Ras	Ras family	True	Binding site		True	0.0	0.41398332	urn:mavedb:00000115-a-7		p.Gly12Val	115.0	a	7.0
KRAS	3845.0	MSK	GRCh37	12	25398281	25398281	+	missense_variant	Missense_Mutation	SNP	C	C	A	rs112445441		GENIE-MSK-P-0071865-T01-IM7								Unknown		SOMATIC							160.0	84.0	221.0	0.0	ENST00000256078.4:c.38G>T	p.Gly13Val	p.G13V	ENST00000256078	NM_033360.2	13.0	gGc/gTc											PASS	probably_damaging	0.98	deleterious	0.02		221.0	244.0	SUCCESS	False	LUAD	True	True	True	Gain-of-function	26619011;32929330	Oncogenic				Avutometinib+Defactinib	Trametinib,Cobimetinib,Binimetinib			LEVEL_3B	LEVEL_3B		40644648;33933896;25435214;24746704;23934108											single residue	0.0	264.0	bowel:130|lung:57|stomach:17|blood:12|uterus:12|pancreas:7|unk:5|biliary_tract:4|cervix:4|bladder:3|lymph:3|skin:2|soft_tissue:2|ampulla_of_vater:1|brain:1|breast:1|liver:1|ovary:1|testis:1	True	P01116	Ras	Ras family	True	Binding site		True	1.0	0.5345003	urn:mavedb:00000115-a-7		p.Gly13Val	115.0	a	7.0
PTEN	5728.0	MSK	GRCh37	10	89692976	89692976	+	missense_variant	Missense_Mutation	SNP	T	T	C			GENIE-MSK-P-0068424-T01-IM7								Unknown		SOMATIC							660.0	79.0	310.0	0.0	ENST00000371953.3:c.460T>C	p.Phe154Leu	p.F154L	ENST00000371953	NM_000314.4	154.0	Ttc/Ctc											PASS	possibly_damaging	0.813	tolerated	0.07		310.0	739.0	SUCCESS	False	CCOV	True	True	True	Loss-of-function	29876005;19329485;22498935;15923161	Oncogenic				Capivasertib+Fulvestrant	GSK2636771,AZD8186			LEVEL_3B	LEVEL_3B		37256976;28645941;34281912;Hansen et al. Abstract# 2570, ASCO 2017.(http://ascopubs.org/doi/abs/10.1200/JCO.2017.35.15_suppl.2570)															False	P60484			False			False	1.0	0.422159163671711	urn:mavedb:00000013-a-1		p.Phe154Leu	13.0	a	1.0
TP53	7157.0	MSK	GRCh37	17	7578479	7578480	+	missense_variant	Missense_Mutation	DNP	GT	GT	AA			GENIE-MSK-P-0062129-T02-IM7								Unknown		SOMATIC							625.0	189.0	680.0	2.0	ENST00000269305.4:c.450_451delinsTT	p.Pro151Ser	p.P151S	ENST00000269305	NM_001126112.2	150.0	acACcc/acTTcc											PASS						682.0	814.0	SUCCESS	False	PAAD	True	True	True	Loss-of-function	21903770	Oncogenic																						single residue	1.30026283538923e-57	79.0	bowel:12|head_neck:8|lung:7|breast:6|pancreas:6|ovary:5|skin:5|stomach:5|bladder:4|brain:4|unk:4|uterus:3|kidney:2|liver:2|prostate:2|soft_tissue:2|blood:1|thyroid:1	True	P04637	P53	P53 DNA-binding domain	True	Region	Interaction with AXIN1;Interaction with CCAR2;Interaction with HIPK1;Required for interaction with FBXO42;Required for interaction with ZNF385A	True	1.0	1.5065816318519336	urn:mavedb:00000068-a-1		p.Pro151Ser	68.0	a	1.0
PTEN	5728.0	MSK	GRCh37	10	89725045	89725045	+	missense_variant,splice_region_variant	Missense_Mutation	SNP	T	T	A			GENIE-MSK-P-0063488-T01-IM7								Unknown		SOMATIC							88.0	20.0	260.0	0.0	ENST00000371953.3:c.1028T>A	p.Val343Glu	p.V343E	ENST00000371953	NM_000314.4	343.0	gTg/gAg											PASS	probably_damaging	0.999	deleterious	0.0		260.0	108.0	SUCCESS	False	UEC	True	True	True	Loss-of-function	21828076;15355975;10866302	Oncogenic				Capivasertib+Fulvestrant	GSK2636771,AZD8186			LEVEL_3B	LEVEL_3B		37256976;28645941;34281912;Hansen et al. Abstract# 2570, ASCO 2017.(http://ascopubs.org/doi/abs/10.1200/JCO.2017.35.15_suppl.2570)															False	P60484	PTEN_C2	C2 domain of PTEN tumour-suppressor protein	True	Region	Required for interaction with NOP53	True	1.0	0.211358005441246	urn:mavedb:00000013-a-1		p.Val343Glu	13.0	a	1.0
PTEN	5728.0	MSK	GRCh37	10	89711892	89711892	+	missense_variant	Missense_Mutation	SNP	T	T	A	rs121909221		GENIE-MSK-P-0042161-T01-IM6								Unknown		SOMATIC							347.0	132.0	464.0	0.0	ENST00000371953.3:c.510T>A	p.Ser170Arg	p.S170R	ENST00000371953	NM_000314.4	170.0	agT/agA											PASS	probably_damaging	0.999	deleterious	0.0		464.0	479.0	SUCCESS	False	UEC	True	True	True	Loss-of-function	9467011;10866302	Oncogenic				Capivasertib+Fulvestrant	GSK2636771,AZD8186			LEVEL_3B	LEVEL_3B		37256976;28645941;34281912;Hansen et al. Abstract# 2570, ASCO 2017.(http://ascopubs.org/doi/abs/10.1200/JCO.2017.35.15_suppl.2570)															False	P60484			False			False	0.0	0.286042073759003	urn:mavedb:00000013-a-1		p.Ser170Arg	13.0	a	1.0
TP53	7157.0	MSK	GRCh37	17	7578405	7578406	+	missense_variant	Missense_Mutation	DNP	GC	GC	AT			GENIE-MSK-P-0039721-T01-IM6								Unknown		SOMATIC							117.0	165.0	648.0	0.0	ENST00000269305.4:c.524_525delinsAT	p.Arg175His	p.R175H	ENST00000269305	NM_001126112.2	175.0	cGC/cAT											PASS	benign	0.319	tolerated	0.11		648.0	282.0	SUCCESS	False	IDC	True	True	True	Loss-of-function	25584008;15781620;10713666;21445056;31068365	Oncogenic																						single residue	0.0	416.0	bowel:108|stomach:63|pancreas:39|brain:33|breast:29|lung:28|head_neck:24|ovary:21|prostate:14|uterus:14|soft_tissue:12|bladder:11|biliary_tract:5|unk:4|kidney:2|skin:2|thyroid:2|adrenal_gland:1|blood:1|cervix:1|liver:1|lymph:1	True	P04637	P53	P53 DNA-binding domain	True	Region	Interaction with AXIN1;Interaction with CCAR2;Interaction with HIPK1;Required for interaction with FBXO42;Required for interaction with ZNF385A	True	1.0	1.791388107033267	urn:mavedb:00000068-a-1		p.Arg175His	68.0	a	1.0
BRCA1	672.0	MSK	GRCh37	17	41276053	41276053	+	missense_variant	Missense_Mutation	SNP	T	T	C	rs80357406		GENIE-MSK-P-0040030-T01-IM6								Unknown		SOMATIC							355.0	44.0	523.0	0.0	ENST00000357654.3:c.61A>G	p.Ile21Val	p.I21V	ENST00000357654	NM_007294.3	21.0	Atc/Gtc		3.98276e-06	6.15309e-05	0.0	0.0	0.0	0.0	0.0	0.0	0.0	PASS	benign	0.145	tolerated	0.39		523.0	399.0	SUCCESS	False	COAD	True	True	True	Neutral	23161852;20103620	Likely Neutral																										False	P38398			False			False	3.0	0.0475901013213999	urn:mavedb:00000081-a-2		p.Ile21Val	81.0	a	2.0
PTEN	5728.0	MSK	GRCh37	10	89693001	89693001	+	missense_variant	Missense_Mutation	SNP	A	A	G			GENIE-MSK-P-0058103-T01-IM6								Unknown		SOMATIC							393.0	21.0	384.0	0.0	ENST00000371953.3:c.485A>G	p.Asp162Gly	p.D162G	ENST00000371953	NM_000314.4	162.0	gAc/gGc											PASS	possibly_damaging	0.869	deleterious	0.01		384.0	414.0	SUCCESS	False	LUSC	True	True	True	Loss-of-function	21828076	Oncogenic				Capivasertib+Fulvestrant	GSK2636771,AZD8186			LEVEL_3B	LEVEL_3B		37256976;28645941;34281912;Hansen et al. Abstract# 2570, ASCO 2017.(http://ascopubs.org/doi/abs/10.1200/JCO.2017.35.15_suppl.2570)															False	P60484			False			False	3.0	0.8268145228766229	urn:mavedb:00000013-a-1		p.Asp162Gly	13.0	a	1.0
KRAS	3845.0	MSK	GRCh37	12	25398283	25398285	+	missense_variant	Missense_Mutation	TNP	ACC	ACC	CCG			GENIE-MSK-P-0050186-T01-IM6								Unknown		SOMATIC							486.0	79.0	376.0	0.0	ENST00000256078.4:c.34_36delinsCGG	p.Gly12Arg	p.G12R	ENST00000256078	NM_033360.2	12.0	GGT/CGG											PASS	possibly_damaging	0.497	deleterious	0.03		376.0	565.0	SUCCESS	False	PAAD	True	True	True	Gain-of-function	30341394;28572459;22722830;32792368	Oncogenic			Daraxonrasib	Avutometinib+Defactinib	Trametinib,Cobimetinib,Binimetinib			LEVEL_3A	LEVEL_3A		38593348;Garrido-Laguna et al. 2025 ASCO Gastrointestinal Cancers Symposium.(https://www.asco.org/abstracts-presentations/ABSTRACT474560);Arbour et al. Abstract# 6520, Annals of Oncol., 2023.(https://www.annalsofoncology.org/article/S0923-7534%2823%2902675-3/fulltext);40644648;33933896;25435214;24746704;23934108											single residue	0.0	2175.0	pancreas:745|lung:570|bowel:500|uterus:84|unk:42|stomach:40|bladder:36|ovary:25|biliary_tract:21|testis:19|breast:15|cervix:15|blood:13|ampulla_of_vater:10|soft_tissue:8|brain:6|kidney:5|prostate:4|skin:4|head_neck:3|thyroid:3|lymph:2|thymus:2|bone:1|liver:1|vulva:1	True	P01116	Ras	Ras family	True	Binding site		True	0.0	0.3982985	urn:mavedb:00000115-a-7		p.Gly12Arg	115.0	a	7.0
TP53	7157.0	MSK	GRCh37	17	7578197	7578197	+	missense_variant	Missense_Mutation	SNP	C	C	A			GENIE-MSK-P-0049623-T01-IM6								Unknown		SOMATIC							773.0	130.0	623.0	0.0	ENST00000269305.4:c.652G>T	p.Val218Leu	p.V218L	ENST00000269305	NM_001126112.2	218.0	Gtg/Ttg											PASS	possibly_damaging	0.764	deleterious	0.05		623.0	903.0	SUCCESS	False	LXSC	True	True	True	Likely Neutral	29979965;8556707;30224644;27328919;12826609	Likely Neutral																						single residue	0.0643906580986468	9.0	bladder:2|head_neck:2|skin:2|lung:1|lymph:1|unk:1	True	P04637	P53	P53 DNA-binding domain	True	Region	Interaction with AXIN1;Interaction with CCAR2;Interaction with HIPK1;Required for interaction with FBXO42;Required for interaction with ZNF385A	True	5.0	0.5485837909691924	urn:mavedb:00000068-a-1		p.Val218Leu	68.0	a	1.0
TP53	7157.0	MSK	GRCh37	17	7577121	7577122	+	missense_variant	Missense_Mutation	DNP	GC	GC	CT			GENIE-MSK-P-0046279-T01-IM6								Unknown		SOMATIC							526.0	67.0	591.0	0.0	ENST00000269305.4:c.816_817delinsAG	p.Arg273Gly	p.R273G	ENST00000269305	NM_001126112.2	272.0	gtGCgt/gtAGgt											PASS						591.0	593.0	SUCCESS	False	PAAD	True	True	True	Likely Neutral	26619011;37697151;24677579	Likely Neutral																						single residue	0.0	609.0	brain:113|bowel:105|lung:78|stomach:74|breast:43|ovary:37|uterus:30|head_neck:29|pancreas:27|prostate:18|bladder:11|kidney:7|unk:6|blood:5|soft_tissue:5|biliary_tract:4|bone:3|liver:3|lymph:3|thyroid:3|skin:2|adrenal_gland:1|ampulla_of_vater:1|thymus:1	True	P04637	P53	P53 DNA-binding domain	True	Region	Interaction with AXIN1;Interaction with CCAR2;Interaction with E4F1;Interaction with HIPK1;Required for interaction with ZNF385A	True	0.0	1.7951773644879423	urn:mavedb:00000068-a-1		p.Arg273Gly	68.0	a	1.0
KRAS	3845.0	MSK	GRCh37	12	25398228	25398228	+	missense_variant	Missense_Mutation	SNP	C	C	T			GENIE-MSK-P-0007147-T01-IM5								Unknown		SOMATIC							652.0	155.0	370.0	1.0	ENST00000256078.4:c.91G>A	p.Glu31Lys	p.E31K	ENST00000256078	NM_033360.2	31.0	Gaa/Aaa											PASS	benign	0.121	tolerated	0.19		371.0	807.0	SUCCESS	False	COAD	True	True	True	Likely Neutral	31681616;16483931;20570890	Likely Neutral																										False	P01116	Ras	Ras family	True	Binding site		True	9.0	0.23257172	urn:mavedb:00000115-a-7		p.Glu31Lys	115.0	a	7.0
TP53	7157.0	MSK	GRCh37	17	7577093	7577093	+	missense_variant	Missense_Mutation	SNP	C	C	A	rs730882008		GENIE-MSK-P-0007296-T01-IM5								Unknown		SOMATIC							340.0	86.0	655.0	1.0	ENST00000269305.4:c.845G>T	p.Arg282Leu	p.R282L	ENST00000269305	NM_001126112.2	282.0	cGg/cTg											PASS	probably_damaging	0.99	deleterious	0.0		656.0	426.0	SUCCESS	False	COAD	True	True	True	Likely Neutral	26619011;29979965;30224644;12365217;27328919;12826609	Likely Neutral																						single residue	5.73631626869356e-160	219.0	bowel:60|stomach:34|pancreas:22|brain:21|head_neck:18|lung:14|bladder:8|ovary:8|prostate:8|skin:8|breast:4|biliary_tract:2|kidney:2|lymph:2|soft_tissue:2|thymus:2|uterus:2|cervix:1|liver:1	True	P04637	P53	P53 DNA-binding domain	True	Region	Disordered;Interaction with AXIN1;Interaction with CCAR2;Interaction with E4F1;Interaction with HIPK1;Required for interaction with ZNF385A	True	2.0	0.2870366223072526	urn:mavedb:00000068-a-1		p.Arg282Leu	68.0	a	1.0
KRAS	3845.0	MSK	GRCh37	12	25368477	25368477	+	missense_variant	Missense_Mutation	SNP	A	A	C			GENIE-MSK-P-0026278-T01-IM6								Unknown		SOMATIC							525.0	156.0	412.0	0.0	ENST00000256078.4:c.468T>G	p.Phe156Leu	p.F156L	ENST00000256078	NM_033360.2	156.0	ttT/ttG											PASS	possibly_damaging	0.785	deleterious	0.01		412.0	681.0	SUCCESS	False	UPDC	True	True	True	Gain-of-function	20949621;17601930;7877967	Oncogenic				Avutometinib+Defactinib	Trametinib,Cobimetinib,Binimetinib			LEVEL_3B	LEVEL_3B		40644648;33933896;25435214;24746704;23934108															False	P01116	Ras	Ras family	True			False	0.0	0.0037415507	urn:mavedb:00000115-a-7		p.Phe156Leu	115.0	a	7.0
BRCA1	672.0	MSK	GRCh37	17	41251831	41251831	+	missense_variant	Missense_Mutation	SNP	G	G	A	rs80357325		GENIE-MSK-P-0017675-T01-IM5								Unknown		SOMATIC							362.0	237.0	602.0	0.0	ENST00000357654.3:c.508C>T	p.Arg170Trp	p.R170W	ENST00000357654	NM_007294.3	170.0	Cgg/Tgg		1.19304e-05	0.0	2.89084e-05	0.0	0.0	4.61979e-05	8.79214e-06	0.0	0.0	PASS	benign	0.0	deleterious	0.03		602.0	599.0	SUCCESS	False	GBM	True	True	True	Likely Neutral	23867111	Likely Neutral																										False	P38398			False			False	2.0	0.0127134304198374	urn:mavedb:00000081-a-2		p.Arg170Trp	81.0	a	2.0
PTEN	5728.0	MSK	GRCh37	10	89692880	89692880	+	missense_variant	Missense_Mutation	SNP	A	A	C			GENIE-MSK-P-0019352-T01-IM6								Unknown		SOMATIC							93.0	141.0	483.0	0.0	ENST00000371953.3:c.364A>C	p.Ile122Leu	p.I122L	ENST00000371953	NM_000314.4	122.0	Att/Ctt											PASS	possibly_damaging	0.653	deleterious	0.01		483.0	234.0	SUCCESS	False	GBM	True	True	True	Loss-of-function	21828076	Oncogenic																										False	P60484	Tc-R-P	Polymorphic toxin system, DSP-PTPase phosphatase	True			False	3.0	0.7851882973603749	urn:mavedb:00000013-a-1		p.Ile122Leu	13.0	a	1.0
TP53	7157.0	MSK	GRCh37	17	7577521	7577521	+	missense_variant	Missense_Mutation	SNP	T	T	G			GENIE-MSK-P-0006920-T01-IM5								Unknown		SOMATIC							524.0	357.0	524.0	0.0	ENST00000269305.4:c.760A>C	p.Ile254Leu	p.I254L	ENST00000269305	NM_001126112.2	254.0	Atc/Ctc											PASS	possibly_damaging	0.641	deleterious	0.03		524.0	881.0	SUCCESS	False	LUAD	True	True	True	Likely Neutral	9645763;29979965;30224644;27328919;12826609	Likely Neutral																						single residue	0.0184452967314114	13.0	bowel:3|lung:3|liver:2|pancreas:2|brain:1|breast:1|stomach:1	True	P04637	P53	P53 DNA-binding domain	True	Region	Interaction with AXIN1;Interaction with CCAR2;Interaction with HIPK1;Required for interaction with ZNF385A	True	0.0	0.5618743044511116	urn:mavedb:00000068-a-1		p.Ile254Leu	68.0	a	1.0
TP53	7157.0	MSK	GRCh37	17	7578531	7578531	+	missense_variant	Missense_Mutation	SNP	C	C	A			GENIE-MSK-P-0008002-T01-IM5								Unknown		SOMATIC							660.0	112.0	318.0	0.0	ENST00000269305.4:c.399G>T	p.Met133Ile	p.M133I	ENST00000269305	NM_001126112.2	133.0	atG/atT											PASS	benign	0.007	deleterious	0.0		318.0	772.0	SUCCESS	False	LUAD	True	True	True	Likely Neutral	29979965;9627113;30224644;27328919;12826609	Likely Neutral																						single residue	0.0598449339561851	10.0	breast:4|bowel:1|head_neck:1|lung:1|pancreas:1|skin:1|stomach:1	True	P04637	P53	P53 DNA-binding domain	True	Region	Interaction with AXIN1;Interaction with CCAR2;Interaction with HIPK1;Required for interaction with FBXO42;Required for interaction with ZNF385A	True	0.0	0.4380219197770168	urn:mavedb:00000068-a-1		p.Met133Ile	68.0	a	1.0
KRAS	3845.0	MSK	GRCh37	12	25398218	25398218	+	missense_variant	Missense_Mutation	SNP	G	G	C	rs104894366		GENIE-MSK-P-0003824-T01-IM5								Unknown		SOMATIC							294.0	165.0	604.0	0.0	ENST00000256078.4:c.101C>G	p.Pro34Arg	p.P34R	ENST00000256078	NM_033360.2	34.0	cCa/cGa											PASS	probably_damaging	1.0	deleterious	0.0		604.0	459.0	SUCCESS	False	BLCA	True	True	True	Gain-of-function	16474405;20949621;34117033	Oncogenic				Avutometinib+Defactinib	Trametinib,Cobimetinib,Binimetinib			LEVEL_3B	LEVEL_3B		40644648;33933896;25435214;24746704;23934108															False	P01116	Ras	Ras family	True	Binding site;Motif	Effector region	True	12.0	0.3774984	urn:mavedb:00000115-a-7		p.Pro34Arg	115.0	a	7.0
KRAS	3845.0	MSK	GRCh37	12	25380264	25380264	+	missense_variant	Missense_Mutation	SNP	C	C	T			GENIE-MSK-P-0010854-T01-IM5								Unknown		SOMATIC							1007.0	115.0	578.0	0.0	ENST00000256078.4:c.194G>A	p.Ser65Asn	p.S65N	ENST00000256078	NM_033360.2	65.0	aGt/aAt											PASS	possibly_damaging	0.789	deleterious	0.0		578.0	1122.0	SUCCESS	False	PAAD	True	True	True	Gain-of-function	24798740;8626650	Oncogenic				Avutometinib+Defactinib	Trametinib,Cobimetinib,Binimetinib			LEVEL_3B	LEVEL_3B		40644648;33933896;25435214;24746704;23934108															False	P01116	Ras	Ras family	True			False	5.0	0.021343557	urn:mavedb:00000115-a-7		p.Ser65Asn	115.0	a	7.0
KRAS	3845.0	MSK	GRCh37	12	25380276	25380278	+	missense_variant	Missense_Mutation	TNP	TGA	TGA	CTG			GENIE-MSK-P-0061844-T03-IH3								Unknown		SOMATIC							1000.0	34.0	1329.0	1.0	ENST00000256078.4:c.180_182delinsCAG	p.Gln61Arg	p.Q61R	ENST00000256078	NM_033360.2	60.0	ggTCAa/ggCAGa											PASS						1330.0	1034.0	SUCCESS	False	TAML	True	True	True	Gain-of-function	30341394;28572459;34117033;25437878	Oncogenic																						single residue	0.0	190.0	pancreas:64|bowel:31|lung:28|blood:17|biliary_tract:8|thyroid:8|testis:6|bladder:5|stomach:5|prostate:4|uterus:4|skin:2|unk:2|ampulla_of_vater:1|brain:1|breast:1|liver:1|penis:1|soft_tissue:1	True	P01116	Ras	Ras family	True	Binding site		True	0.0	0.34578124	urn:mavedb:00000115-a-7		p.Gln61Arg	115.0	a	7.0
BRCA1	672.0	UHN	GRCh37	17	41249297	41249297	+	missense_variant	Missense_Mutation	SNP	G	G	T	rs55688530		GENIE-UHN-OCT601520-ARC1	NORMAL							Unknown		Somatic							391.0	407.0			ENST00000357654.3:c.557C>A	p.Ser186Tyr	p.S186Y	ENST00000357654	NM_007294.3	186.0	tCt/tAt											PASS	probably_damaging	0.956	deleterious	0.0			798.0	SUCCESS	False	LUAD	True	True	True	Neutral	23161852;23867111	Likely Neutral																										False	P38398			False			False	12.0	0.2244172783795	urn:mavedb:00000081-a-2		p.Ser186Tyr	81.0	a	2.0
TP53	7157.0	UHN	GRCh37	17	7579548	7579548	+	missense_variant	Missense_Mutation	SNP	G	G	A	rs1800371		GENIE-UHN-OCT992705-ARC1	NORMAL							Unknown		Somatic							233.0	27.0			ENST00000269305.4:c.139C>T	p.Pro47Ser	p.P47S	ENST00000269305	NM_001126112.2	47.0	Ccg/Tcg											PASS	benign	0.003	tolerated	0.13			260.0	SUCCESS	False	MACR	True	True	True	Neutral	25584008	Likely Neutral																										False	P04637	TAD2	Transactivation domain 2	True	Region	Interaction with CCAR2;Interaction with HRMT1L2	True	5.0	-0.2280589567203618	urn:mavedb:00000068-a-1		p.Pro47Ser	68.0	a	1.0
PTEN	5728.0	UHN	GRCh37	10	89624296	89624296	+	missense_variant	Missense_Mutation	SNP	G		T	rs786201995		GENIE-UHN-OCT136137-ARC1								Unknown		Somatic							523.0	108.0			ENST00000371953.3:c.70G>T	p.Asp24Tyr	p.D24Y	ENST00000371953	NM_000314.4	24.0	Gac/Tac											PASS	possibly_damaging	0.816	deleterious	0.0			631.0	SUCCESS	False	GBC	True	True	True	Loss-of-function	22498935;11395387;11108659;17213812	Oncogenic				Capivasertib+Fulvestrant	GSK2636771,AZD8186			LEVEL_3B	LEVEL_3B		37256976;28645941;34281912;Hansen et al. Abstract# 2570, ASCO 2017.(http://ascopubs.org/doi/abs/10.1200/JCO.2017.35.15_suppl.2570)															False	P60484			False			False	1.0	0.647107290268216	urn:mavedb:00000013-a-1		p.Asp24Tyr	13.0	a	1.0
PTEN	5728.0	UHN	GRCh37	10	89692905	89692905	+	missense_variant	Missense_Mutation	SNP	G		C	rs121909229		GENIE-UHN-OCT511558-ARC1								Unknown		Somatic							413.0	1241.0			ENST00000371953.3:c.389G>C	p.Arg130Pro	p.R130P	ENST00000371953	NM_000314.4	130.0	cGa/cCa											PASS	probably_damaging	0.999	deleterious	0.0			1654.0	SUCCESS	False	MEL	True	True	True	Loss-of-function	32350270;32366478	Oncogenic				Capivasertib+Fulvestrant	GSK2636771,AZD8186			LEVEL_3B	LEVEL_3B		37256976;28645941;34281912;Hansen et al. Abstract# 2570, ASCO 2017.(http://ascopubs.org/doi/abs/10.1200/JCO.2017.35.15_suppl.2570)											single residue	1.9165879686530897e-210	168.0	uterus:83|brain:14|breast:14|bowel:13|lung:8|prostate:8|skin:5|cervix:4|head_neck:4|stomach:3|biliary_tract:2|kidney:2|ovary:2|soft_tissue:2|penis:1|pleura:1|thyroid:1|unk:1	True	P60484	Tc-R-P	Polymorphic toxin system, DSP-PTPase phosphatase	True			False	0.0	1.15629126640123	urn:mavedb:00000013-a-1		p.Arg130Pro	13.0	a	1.0
TP53	7157.0	UHN	GRCh37	17	7578461	7578461	+	missense_variant	Missense_Mutation	SNP	C		T	rs121912654		GENIE-UHN-OCT736329-ARC1								Unknown		Somatic							1008.0	992.0			ENST00000269305.4:c.469G>A	p.Val157Ile	p.V157I	ENST00000269305	NM_001126112.2	157.0	Gtc/Atc											PASS	possibly_damaging	0.544	tolerated	0.25			2000.0	SUCCESS	False	CHOL	True	True	True	Likely Neutral	37697151;29979965;17539962;30224644;12826609	Likely Neutral																										False	P04637	P53	P53 DNA-binding domain	True	Region	Interaction with AXIN1;Interaction with CCAR2;Interaction with HIPK1;Required for interaction with FBXO42;Required for interaction with ZNF385A	True	6.0	0.5938631071047228	urn:mavedb:00000068-a-1		p.Val157Ile	68.0	a	1.0
TP53	7157.0	UHN	GRCh37	17	7577121	7577121	+	missense_variant	Missense_Mutation	SNP	G		C			GENIE-UHN-OCT069924-ARC1								Unknown		Somatic							1214.0	579.0			ENST00000269305.4:c.817C>G	p.Arg273Gly	p.R273G	ENST00000269305	NM_001126112.2	273.0	Cgt/Ggt											PASS	probably_damaging	0.997	deleterious	0.0			1793.0	SUCCESS	False	USC	True	True	True	Likely Neutral	26619011;37697151;24677579	Likely Neutral																						single residue	0.0	609.0	brain:113|bowel:105|lung:78|stomach:74|breast:43|ovary:37|uterus:30|head_neck:29|pancreas:27|prostate:18|bladder:11|kidney:7|unk:6|blood:5|soft_tissue:5|biliary_tract:4|bone:3|liver:3|lymph:3|thyroid:3|skin:2|adrenal_gland:1|ampulla_of_vater:1|thymus:1	True	P04637	P53	P53 DNA-binding domain	True	Region	Interaction with AXIN1;Interaction with CCAR2;Interaction with DNA;Interaction with E4F1;Interaction with HIPK1;Required for interaction with ZNF385A	True	1.0	1.7951773644879423	urn:mavedb:00000068-a-1		p.Arg273Gly	68.0	a	1.0
TP53	7157.0	MDA	GRCh37	17	7577067	7577067	+	missense_variant	Missense_Mutation	SNP	T	T	C			GENIE-MDA-1644-3374	NORMAL							Unknown		Somatic							988.0	29.0			ENST00000269305.4:c.871A>G	p.Lys291Glu	p.K291E	ENST00000269305	NM_001126112.2	291.0	Aag/Gag											PASS	possibly_damaging	0.691	deleterious	0.01			1017.0	SUCCESS	False	UCS	True	True	True	Likely Gain-of-function	26619011;15781620;9416838	Likely Neutral																										False	P04637			False	Region	Disordered;Interaction with AXIN1;Interaction with CCAR2;Interaction with E4F1;Interaction with HIPK1;Required for interaction with ZNF385A	True	1.0	0.5247885372161735	urn:mavedb:00000068-a-1		p.Lys291Glu	68.0	a	1.0
KRAS	3845.0	MDA	GRCh37	12	25398258	25398258	+	missense_variant	Missense_Mutation	SNP	T	T	A			GENIE-MDA-4948-15988	NORMAL							Unknown		Somatic							2140.0	742.0			ENST00000256078.4:c.61A>T	p.Ile21Leu	p.I21L	ENST00000256078	NM_033360.2	21.0	Ata/Tta											PASS	probably_damaging	0.911	tolerated	0.18			2897.0	SUCCESS	False	UCS	True	True	True	Likely Loss-of-function	34117033	Likely Neutral																										False	P01116	Ras	Ras family	True			False	1.0	-0.040190425	urn:mavedb:00000115-a-7		p.Ile21Leu	115.0	a	7.0
TP53	7157.0	WAKE	GRCh37	17	7578227	7578227	+	missense_variant	Missense_Mutation	SNP	C		T			GENIE-WAKE-F2407-01								Unknown		Somatic							1055.0	29.0			ENST00000269305.4:c.622G>A	p.Asp208Asn	p.D208N	ENST00000269305	NM_001126112.2	208.0	Gac/Aac											PASS	possibly_damaging	0.696	deleterious	0.03			1084.0	SUCCESS	False	CSCC	True	True	True	Likely Neutral	29979965;8768871;30224644;27328919;12826609	Likely Neutral																						single residue	0.0123251218508829	12.0	breast:4|lung:3|brain:2|bladder:1|ovary:1|uterus:1	True	P04637	P53	P53 DNA-binding domain	True	Region	Interaction with AXIN1;Interaction with CCAR2;Interaction with HIPK1;Required for interaction with FBXO42;Required for interaction with ZNF385A	True	3.0	0.0960849267758526	urn:mavedb:00000068-a-1		p.Asp208Asn	68.0	a	1.0
KRAS	3845.0	WAKE	GRCh37	12	25380275	25380276	+	missense_variant	Missense_Mutation	DNP	TT		CC			GENIE-WAKE-F2786-01								Unknown		Somatic							640.0	369.0			ENST00000256078.4:c.182_183delinsGG	p.Gln61Arg	p.Q61R	ENST00000256078	NM_033360.2	61.0	cAA/cGG											PASS	benign	0.122	tolerated	0.06			1009.0	SUCCESS	False	PAAD	True	True	True	Gain-of-function	30341394;28572459;34117033;25437878	Oncogenic				Avutometinib+Defactinib	Trametinib,Cobimetinib,Binimetinib			LEVEL_3B	LEVEL_3B		40644648;33933896;25435214;24746704;23934108											single residue	0.0	190.0	pancreas:64|bowel:31|lung:28|blood:17|biliary_tract:8|thyroid:8|testis:6|bladder:5|stomach:5|prostate:4|uterus:4|skin:2|unk:2|ampulla_of_vater:1|brain:1|breast:1|liver:1|penis:1|soft_tissue:1	True	P01116	Ras	Ras family	True			False	1.0	0.34578124	urn:mavedb:00000115-a-7		p.Gln61Arg	115.0	a	7.0
TP53	7157.0	WAKE	GRCh37	17	7578226	7578226	+	missense_variant	Missense_Mutation	SNP	T		C			GENIE-WAKE-F2377-01								Unknown		Somatic							553.0	244.0			ENST00000269305.4:c.623A>G	p.Asp208Gly	p.D208G	ENST00000269305	NM_001126112.2	208.0	gAc/gGc											PASS	probably_damaging	0.988	deleterious	0.04			797.0	SUCCESS	False	PAAD	True	True	True	Likely Neutral	9516972;27328919;12826609	Likely Neutral																						single residue	0.0123251218508829	12.0	breast:4|lung:3|brain:2|bladder:1|ovary:1|uterus:1	True	P04637	P53	P53 DNA-binding domain	True	Region	Interaction with AXIN1;Interaction with CCAR2;Interaction with HIPK1;Required for interaction with FBXO42;Required for interaction with ZNF385A	True	3.0	0.6707200905720918	urn:mavedb:00000068-a-1		p.Asp208Gly	68.0	a	1.0
TP53	7157.0	WAKE	GRCh37	17	7577551	7577551	+	missense_variant	Missense_Mutation	SNP	C		G	rs1057519989		GENIE-WAKE-F1360-01								Unknown		Somatic							420.0	42.0			ENST00000269305.4:c.730G>C	p.Gly244Arg	p.G244R	ENST00000269305	NM_001126112.2	244.0	Ggc/Cgc											PASS	probably_damaging	1.0	deleterious	0.0			462.0	SUCCESS	False	LUAD	True	True	True	Loss-of-function	11160722	Oncogenic																						single residue	1.0002696468844498e-31	65.0	lung:17|brain:8|ovary:7|stomach:7|bowel:5|bladder:3|lymph:3|uterus:3|breast:2|head_neck:2|soft_tissue:2|biliary_tract:1|cervix:1|kidney:1|liver:1|pancreas:1|unk:1	True	P04637	P53	P53 DNA-binding domain	True	Region	Interaction with AXIN1;Interaction with CCAR2;Interaction with HIPK1;Interaction with the 53BP2 SH3 domain;Required for interaction with ZNF385A	True	1.0	1.759594124660846	urn:mavedb:00000068-a-1		p.Gly244Arg	68.0	a	1.0
PTEN	5728.0	WAKE	GRCh37	10	89692902	89692902	+	missense_variant	Missense_Mutation	SNP	G		A	rs121909218		GENIE-WAKE-C1189-01								Unknown		Somatic							558.0	682.0			ENST00000371953.3:c.386G>A	p.Gly129Glu	p.G129E	ENST00000371953	NM_000314.4	129.0	gGa/gAa											PASS	probably_damaging	1.0	deleterious	0.0			1240.0	SUCCESS	False	UEC	True	True	True	Loss-of-function	32350270;10866302;9467011;32366478;21828076	Oncogenic				Capivasertib+Fulvestrant	GSK2636771,AZD8186			LEVEL_3B	LEVEL_3B		37256976;28645941;34281912;Hansen et al. Abstract# 2570, ASCO 2017.(http://ascopubs.org/doi/abs/10.1200/JCO.2017.35.15_suppl.2570)											single residue	5.95070750294617e-05	12.0	uterus:5|brain:2|lung:2|breast:1|prostate:1|soft_tissue:1	True	P60484	Tc-R-P	Polymorphic toxin system, DSP-PTPase phosphatase	True			False	0.0	0.755334938294823	urn:mavedb:00000013-a-1		p.Gly129Glu	13.0	a	1.0
PTEN	5728.0	WAKE	GRCh37	10	89692978	89692978	+	missense_variant	Missense_Mutation	SNP	C		A			GENIE-WAKE-C1070-01								Unknown		Somatic							323.0	131.0			ENST00000371953.3:c.462C>A	p.Phe154Leu	p.F154L	ENST00000371953	NM_000314.4	154.0	ttC/ttA											PASS	possibly_damaging	0.813	tolerated	0.07			454.0	SUCCESS	False	UEC	True	True	True	Loss-of-function	29876005;19329485;22498935;15923161	Oncogenic				Capivasertib+Fulvestrant	GSK2636771,AZD8186			LEVEL_3B	LEVEL_3B		37256976;28645941;34281912;Hansen et al. Abstract# 2570, ASCO 2017.(http://ascopubs.org/doi/abs/10.1200/JCO.2017.35.15_suppl.2570)															False	P60484			False			False	1.0	0.422159163671711	urn:mavedb:00000013-a-1		p.Phe154Leu	13.0	a	1.0
PTEN	5728.0	WAKE	GRCh37	10	89720870	89720870	+	missense_variant	Missense_Mutation	SNP	T		G			GENIE-WAKE-F2520-01								Unknown		Somatic							111.0	321.0			ENST00000371953.3:c.1021T>G	p.Phe341Val	p.F341V	ENST00000371953	NM_000314.4	341.0	Ttt/Gtt											PASS	probably_damaging	0.998	deleterious	0.0			432.0	SUCCESS	False	SKCM	True	True	True	Loss-of-function	20530683;10866302;27302833;11051241;16094359	Oncogenic				Capivasertib+Fulvestrant	GSK2636771,AZD8186			LEVEL_3B	LEVEL_3B		37256976;28645941;34281912;Hansen et al. Abstract# 2570, ASCO 2017.(http://ascopubs.org/doi/abs/10.1200/JCO.2017.35.15_suppl.2570)															False	P60484	PTEN_C2	C2 domain of PTEN tumour-suppressor protein	True	Region	Required for interaction with NOP53	True	3.0	0.733375888684029	urn:mavedb:00000013-a-1		p.Phe341Val	13.0	a	1.0
KRAS	3845.0	WAKE	GRCh37	12	25380275	25380276	+	missense_variant	Missense_Mutation	DNP	TT		GC			GENIE-WAKE-F3236-01								Unknown		Somatic							766.0	73.0			ENST00000256078.4:c.182_183delinsGC	p.Gln61Arg	p.Q61R	ENST00000256078	NM_033360.2	61.0	cAA/cGC											PASS	benign	0.122	tolerated	0.06			839.0	SUCCESS	False	COAD	True	True	True	Gain-of-function	30341394;28572459;34117033;25437878	Oncogenic				Avutometinib+Defactinib	Trametinib,Cobimetinib,Binimetinib			LEVEL_R1	LEVEL_3B		20921465;21228335;20619739;24024839;18316791;30857956;40644648;33933896;25435214;24746704;23934108											single residue	0.0	190.0	pancreas:64|bowel:31|lung:28|blood:17|biliary_tract:8|thyroid:8|testis:6|bladder:5|stomach:5|prostate:4|uterus:4|skin:2|unk:2|ampulla_of_vater:1|brain:1|breast:1|liver:1|penis:1|soft_tissue:1	True	P01116	Ras	Ras family	True			False	1.0	0.34578124	urn:mavedb:00000115-a-7		p.Gln61Arg	115.0	a	7.0
KRAS	3845.0	WAKE	GRCh37	12	25378647	25378647	+	missense_variant	Missense_Mutation	SNP	T		G	rs770248150		GENIE-WAKE-F3288-01								Unknown		Somatic							874.0	193.0			ENST00000256078.4:c.351A>C	p.Lys117Asn	p.K117N	ENST00000256078	NM_033360.2	117.0	aaA/aaC											PASS	probably_damaging	0.994	deleterious	0.01			1067.0	SUCCESS	False	SKCM	True	True	True	Gain-of-function	20147967;28572459;20570890	Oncogenic				Avutometinib+Defactinib	Trametinib,Cobimetinib,Binimetinib			LEVEL_3B	LEVEL_3B		40644648;33933896;25435214;24746704;23934108											single residue	5.40950832194339e-24	18.0	bowel:9|blood:3|stomach:2|liver:1|skin:1|soft_tissue:1|unk:1	True	P01116	Ras	Ras family	True	Binding site		True	1.0	0.1866422	urn:mavedb:00000115-a-7		p.Lys117Asn	115.0	a	7.0
KRAS	3845.0	WAKE	GRCh37	12	25398280	25398281	+	missense_variant	Missense_Mutation	DNP	GC		AA			GENIE-WAKE-C1760-01								Unknown		Somatic							627.0	128.0			ENST00000256078.4:c.38_39delinsTT	p.Gly13Val	p.G13V	ENST00000256078	NM_033360.2	13.0	gGC/gTT											PASS	probably_damaging	0.98	deleterious	0.02			755.0	SUCCESS	False	LUAD	True	True	True	Gain-of-function	26619011;32929330	Oncogenic				Avutometinib+Defactinib	Trametinib,Cobimetinib,Binimetinib			LEVEL_3B	LEVEL_3B		40644648;33933896;25435214;24746704;23934108											single residue	0.0	264.0	bowel:130|lung:57|stomach:17|blood:12|uterus:12|pancreas:7|unk:5|biliary_tract:4|cervix:4|bladder:3|lymph:3|skin:2|soft_tissue:2|ampulla_of_vater:1|brain:1|breast:1|liver:1|ovary:1|testis:1	True	P01116	Ras	Ras family	True	Binding site		True	1.0	0.5345003	urn:mavedb:00000115-a-7		p.Gly13Val	115.0	a	7.0
PTEN	5728.0	UCSF	GRCh37	10	89692791	89692791	+	missense_variant	Missense_Mutation	SNP	A	A	C	rs1114167623		GENIE-UCSF-12173-9876T	GENIE-UCSF-12173-9876N	A	A					Unknown		Somatic							274.0	67.0	233.0	0.0	ENST00000371953.3:c.275A>C	p.Asp92Ala	p.D92A	ENST00000371953	NM_000314.4	92.0	gAc/gCc											PASS	probably_damaging	0.999	deleterious	0.0		235.0	346.0	SUCCESS	False	IDC	True	True	True	Loss-of-function	21828076	Oncogenic	Capivasertib+Fulvestrant				GSK2636771,AZD8186			LEVEL_1	LEVEL_1		37256976;28645941;34281912;Hansen et al. Abstract# 2570, ASCO 2017.(http://ascopubs.org/doi/abs/10.1200/JCO.2017.35.15_suppl.2570)															False	P60484	Tc-R-P	Polymorphic toxin system, DSP-PTPase phosphatase	True			False	4.0	1.04452681930451	urn:mavedb:00000013-a-1		p.Asp92Ala	13.0	a	1.0
PTEN	5728.0	UCSF	GRCh37	10	89725058	89725058	+	missense_variant	Missense_Mutation	SNP	C	C	G			GENIE-UCSF-15401-8921T	GENIE-UCSF-15401-8921N							Unknown		Somatic							205.0	161.0			ENST00000371953.3:c.1041C>G	p.Phe347Leu	p.F347L	ENST00000371953	NM_000314.4	347.0	ttC/ttG											PASS	probably_damaging	0.992	tolerated	0.13			366.0	SUCCESS	False	EOV	True	True	True	Loss-of-function	21828076;10866302	Oncogenic				Capivasertib+Fulvestrant	GSK2636771,AZD8186			LEVEL_3B	LEVEL_3B		37256976;28645941;34281912;Hansen et al. Abstract# 2570, ASCO 2017.(http://ascopubs.org/doi/abs/10.1200/JCO.2017.35.15_suppl.2570)															False	P60484	PTEN_C2	C2 domain of PTEN tumour-suppressor protein	True	Region	Required for interaction with NOP53	True	2.0	0.6069293073563979	urn:mavedb:00000013-a-1		p.Phe347Leu	13.0	a	1.0
PTEN	5728.0	UCSF	GRCh37	10	89685286	89685286	+	missense_variant	Missense_Mutation	SNP	C	C	G	rs121909236		GENIE-UCSF-270727-7457T	NORMAL							Unknown		Somatic							9.0	148.0			ENST00000371953.3:c.181C>G	p.His61Asp	p.H61D	ENST00000371953	NM_000314.4	61.0	Cat/Gat											PASS	probably_damaging	0.998	deleterious	0.0			157.0	SUCCESS	False	GBM	True	True	True	Loss-of-function	11748304;21828076	Oncogenic																										False	P60484	Tc-R-P	Polymorphic toxin system, DSP-PTPase phosphatase	True			False	4.0	0.234913538998994	urn:mavedb:00000013-a-1		p.His61Asp	13.0	a	1.0
PTEN	5728.0	CRUK	GRCh37	10	89692792	89692792	+	missense_variant	Missense_Mutation	SNP	C		G			GENIE-CRUK-MB0167-primary								Unknown		Somatic							29.0	31.0			ENST00000371953.3:c.276C>G	p.Asp92Glu	p.D92E	ENST00000371953	NM_000314.4	92.0	gaC/gaG											PASS	probably_damaging	0.998	deleterious	0.0			60.0	SUCCESS	False	IDC	True	True	True	Loss-of-function	21828076	Oncogenic	Capivasertib+Fulvestrant				GSK2636771,AZD8186			LEVEL_1	LEVEL_1		37256976;28645941;34281912;Hansen et al. Abstract# 2570, ASCO 2017.(http://ascopubs.org/doi/abs/10.1200/JCO.2017.35.15_suppl.2570)											single residue	2.81113657455673e-09	18.0	breast:4|uterus:4|brain:3|bowel:2|lung:2|head_neck:1|ovary:1|soft_tissue:1	True	P60484	Tc-R-P	Polymorphic toxin system, DSP-PTPase phosphatase	True			False	4.0	0.9819430075339828	urn:mavedb:00000013-a-1		p.Asp92Glu	13.0	a	1.0
PTEN	5728.0	CRUK	GRCh37	10	89692791	89692791	+	missense_variant	Missense_Mutation	SNP	A		C	rs1114167623		GENIE-CRUK-MB0150-primary								Unknown		Somatic							71.0	28.0			ENST00000371953.3:c.275A>C	p.Asp92Ala	p.D92A	ENST00000371953	NM_000314.4	92.0	gAc/gCc											PASS	probably_damaging	0.999	deleterious	0.0			99.0	SUCCESS	False	IDC	True	True	True	Loss-of-function	21828076	Oncogenic	Capivasertib+Fulvestrant				GSK2636771,AZD8186			LEVEL_1	LEVEL_1		37256976;28645941;34281912;Hansen et al. Abstract# 2570, ASCO 2017.(http://ascopubs.org/doi/abs/10.1200/JCO.2017.35.15_suppl.2570)															False	P60484	Tc-R-P	Polymorphic toxin system, DSP-PTPase phosphatase	True			False	4.0	1.04452681930451	urn:mavedb:00000013-a-1		p.Asp92Ala	13.0	a	1.0
BRCA1	672.0	CRUK	GRCh37	17	41256153	41256153	+	missense_variant	Missense_Mutation	SNP	C		T	rs80356991		GENIE-CRUK-MB5164-primary								Unknown		Somatic							33.0	22.0			ENST00000357654.3:c.427G>A	p.Glu143Lys	p.E143K	ENST00000357654	NM_007294.3	143.0	Gaa/Aaa											PASS	benign	0.006	tolerated	0.1			55.0	SUCCESS	False	IDC	True	True	True	Likely Neutral	23161852	Likely Neutral																										False	P38398			False			False	2.0	-0.1412361332357249	urn:mavedb:00000081-a-2		p.Glu143Lys	81.0	a	2.0
BRCA1	672.0	CRUK	GRCh37	17	41251882	41251882	+	missense_variant	Missense_Mutation	SNP	T		G	rs28897674		GENIE-CRUK-MB4627-primary								Unknown		Somatic							95.0	92.0			ENST00000357654.3:c.457A>C	p.Ser153Arg	p.S153R	ENST00000357654	NM_007294.3	153.0	Agt/Cgt											PASS	possibly_damaging	0.462	deleterious	0.04			187.0	SUCCESS	False	MDLC	True	True	True	Neutral	23161852	Likely Neutral																										False	P38398			False			False	2.0	-0.07776027677175	urn:mavedb:00000081-a-2		p.Ser153Arg	81.0	a	2.0
PTEN	5728.0	CRUK	GRCh37	10	89653782	89653782	+	missense_variant,splice_region_variant	Missense_Mutation	SNP	A		G	rs886041877		GENIE-CRUK-MB0362-primary								Unknown		Somatic							73.0	30.0			ENST00000371953.3:c.80A>G	p.Tyr27Cys	p.Y27C	ENST00000371953	NM_000314.4	27.0	tAt/tGt											PASS	possibly_damaging	0.733	tolerated	0.05			103.0	SUCCESS	False	IDC	True	True	True	Loss-of-function	32350270	Oncogenic	Capivasertib+Fulvestrant				GSK2636771,AZD8186			LEVEL_1	LEVEL_1		37256976;28645941;34281912;Hansen et al. Abstract# 2570, ASCO 2017.(http://ascopubs.org/doi/abs/10.1200/JCO.2017.35.15_suppl.2570)											single residue	2.97185296362565e-06	10.0	brain:3|uterus:2|bowel:1|breast:1|ovary:1|stomach:1|thyroid:1	True	P60484			False			False	0.0	0.3494593521983481	urn:mavedb:00000013-a-1		p.Tyr27Cys	13.0	a	1.0
PTEN	5728.0	CRUK	GRCh37	10	89692791	89692791	+	missense_variant	Missense_Mutation	SNP	A		G			GENIE-CRUK-MB2767-primary								Unknown		Somatic							23.0	19.0			ENST00000371953.3:c.275A>G	p.Asp92Gly	p.D92G	ENST00000371953	NM_000314.4	92.0	gAc/gGc											PASS	probably_damaging	0.999	deleterious	0.0			42.0	SUCCESS	False	IDC	True	True	True	Loss-of-function	21828076	Oncogenic	Capivasertib+Fulvestrant				GSK2636771,AZD8186			LEVEL_1	LEVEL_1		37256976;28645941;34281912;Hansen et al. Abstract# 2570, ASCO 2017.(http://ascopubs.org/doi/abs/10.1200/JCO.2017.35.15_suppl.2570)											single residue	2.81113657455673e-09	18.0	breast:4|uterus:4|brain:3|bowel:2|lung:2|head_neck:1|ovary:1|soft_tissue:1	True	P60484	Tc-R-P	Polymorphic toxin system, DSP-PTPase phosphatase	True			False	4.0	0.640134050768005	urn:mavedb:00000013-a-1		p.Asp92Gly	13.0	a	1.0
KRAS	3845.0	CHOP	GRCh37	12	25398255	25398255	+	missense_variant	Missense_Mutation	SNP	G	G	C			GENIE-CHOP-C3394800-BS1JD61CQN	NORMAL							Unknown		Somatic							60.0	795.0			ENST00000256078.4:c.64C>G	p.Gln22Glu	p.Q22E	ENST00000256078	NM_033360.2	22.0	Cag/Gag											PASS	possibly_damaging	0.744	deleterious	0.0			855.0	SUCCESS	False	BLLNOS	True	True	True	Gain-of-function	20949621;17324647;21263000	Oncogenic																										False	P01116	Ras	Ras family	True			False	0.0	0.17022356	urn:mavedb:00000115-a-7		p.Gln22Glu	115.0	a	7.0
KRAS	3845.0	VHIO	GRCh37	12	25398282	25398283	+	missense_variant	Missense_Mutation	DNP	CA	CA	AT			GENIE-VHIO-1990-001								Unknown		Somatic							149.0	53.0			ENST00000256078.4:c.36_37delinsAT	p.Gly13Cys	p.G13C	ENST00000256078	NM_033360.2	12.0	ggTGgc/ggATgc											PASS							202.0	SUCCESS	False	READ	True	True	True	Gain-of-function	28572459;21079152;25705018	Oncogenic				Avutometinib+Defactinib	Trametinib,Cobimetinib,Binimetinib			LEVEL_R1	LEVEL_3B		20921465;21228335;20619739;24024839;18316791;30857956;40644648;33933896;25435214;24746704;23934108											single residue	0.0	264.0	bowel:130|lung:57|stomach:17|blood:12|uterus:12|pancreas:7|unk:5|biliary_tract:4|cervix:4|bladder:3|lymph:3|skin:2|soft_tissue:2|ampulla_of_vater:1|brain:1|breast:1|liver:1|ovary:1|testis:1	True	P01116	Ras	Ras family	True	Binding site		True	0.0	0.3084031	urn:mavedb:00000115-a-7		p.Gly13Cys	115.0	a	7.0
KRAS	3845.0	COLU	GRCh37	12	25398283	25398284	+	missense_variant	Missense_Mutation	DNP	AC	AC	TG	novel		GENIE-COLU-2275-1	NORMAL							Unknown		Somatic											ENST00000256078.4:c.35_36delinsCA	p.Gly12Ala	p.G12A	ENST00000256078	NM_033360.2	12.0	gGT/gCA											PASS	possibly_damaging	0.723	deleterious	0.02			7514.0	SUCCESS	False	LUAD	True	True	True	Gain-of-function	30341394;26662311;26037647;23182985	Oncogenic			Daraxonrasib	Avutometinib+Defactinib	Trametinib,Cobimetinib,Binimetinib			LEVEL_3A	LEVEL_3A		38593348;Koltun et al. Abstract# 3597, AACR 2022.(https://aacrjournals.org/cancerres/article/82/12_Supplement/3597/702320);Arbour, KC. et al., Abstract#6520, Annals of Oncol., 2023.(https://www.annalsofoncology.org/article/S0923-7534%2823%2902675-3/fulltext);Singh et al. Abstract  # 3597, AACR 2022.(https://s3.us-west-2.amazonaws.com/rvmdpubs.revmed.com/2022/AACR_2022_Singh.pdf);40644648;33933896;25435214;24746704;23934108											single residue	0.0	2175.0	pancreas:745|lung:570|bowel:500|uterus:84|unk:42|stomach:40|bladder:36|ovary:25|biliary_tract:21|testis:19|breast:15|cervix:15|blood:13|ampulla_of_vater:10|soft_tissue:8|brain:6|kidney:5|prostate:4|skin:4|head_neck:3|thyroid:3|lymph:2|thymus:2|bone:1|liver:1|vulva:1	True	P01116	Ras	Ras family	True	Binding site		True	0.0	0.31809312	urn:mavedb:00000115-a-7		p.Gly12Ala	115.0	a	7.0
KRAS	3845.0	COLU	GRCh37	12	25398284	25398286	+	missense_variant	Missense_Mutation	TNP	CCA	CCA	TCA	rs121913529		GENIE-COLU-3176-1	NORMAL							Unknown		Somatic											ENST00000256078.4:c.35delinsA	p.Gly12Asp	p.G12D	ENST00000256078	NM_033360.2	11.0	gcTGGt/gcTGAt											PASS								SUCCESS	False	READ	True	True	True	Gain-of-function	17349581;19296721;11751631;15093544;30341394;28572459;20570890;32792368;20147967;Nagashima et al. Abstract# 5735, AACR 2023.(https://aacrjournals.org/cancerres/article/83/7_Supplement/5735/722276)	Oncogenic				Avutometinib+Defactinib	Daraxonrasib,MRTX-1133,Trametinib,ASP3082,Cobimetinib,Binimetinib			LEVEL_R1	LEVEL_3B		20921465;21228335;20619739;24024839;18316791;30857956;40644648;Koltun et al. Abstract# 3597, AACR 2022.(https://aacrjournals.org/cancerres/article/82/12_Supplement/3597/702320);Singh et al. Abstract  # 3597, AACR 2022.(https://s3.us-west-2.amazonaws.com/rvmdpubs.revmed.com/2022/AACR_2022_Singh.pdf);36472553;33933896;25435214;24746704;23934108;Nagashima et al. Abstract# 5735, AACR 2023.(https://aacrjournals.org/cancerres/article/83/7_Supplement/5735/722276)											single residue	0.0	2175.0	pancreas:745|lung:570|bowel:500|uterus:84|unk:42|stomach:40|bladder:36|ovary:25|biliary_tract:21|testis:19|breast:15|cervix:15|blood:13|ampulla_of_vater:10|soft_tissue:8|brain:6|kidney:5|prostate:4|skin:4|head_neck:3|thyroid:3|lymph:2|thymus:2|bone:1|liver:1|vulva:1	True	P01116	Ras	Ras family	True	Binding site		True	0.0	0.23077428	urn:mavedb:00000115-a-7		p.Gly12Asp	115.0	a	7.0
PTEN	5728.0	DUKE	GRCh37	10	89692895	89692895	+	missense_variant	Missense_Mutation	SNP	G		A	rs587781255		GENIE-DUKE-P226-S229								Unknown		Somatic							532.0	28.0			ENST00000371953.3:c.379G>A	p.Gly127Arg	p.G127R	ENST00000371953	NM_000314.4	127.0	Gga/Aga											PASS	probably_damaging	1.0	deleterious	0.0			560.0	SUCCESS	False	COAD	True	True	True	Loss-of-function	32350270;32366478	Oncogenic				Capivasertib+Fulvestrant	GSK2636771,AZD8186			LEVEL_3B	LEVEL_3B		37256976;28645941;34281912;Hansen et al. Abstract# 2570, ASCO 2017.(http://ascopubs.org/doi/abs/10.1200/JCO.2017.35.15_suppl.2570)											single residue	3.07055801003565e-05	14.0	uterus:4|lung:3|brain:2|liver:1|skin:1|soft_tissue:1|stomach:1|testis:1	True	P60484	Tc-R-P	Polymorphic toxin system, DSP-PTPase phosphatase	True			False	2.0	0.490890563241277	urn:mavedb:00000013-a-1		p.Gly127Arg	13.0	a	1.0
PTEN	5728.0	DUKE	GRCh37	10	89692799	89692799	+	missense_variant	Missense_Mutation	SNP	C		T			GENIE-DUKE-P334-S337								Unknown		Somatic							556.0	437.0			ENST00000371953.3:c.283C>T	p.Pro95Ser	p.P95S	ENST00000371953	NM_000314.4	95.0	Cca/Tca											PASS	probably_damaging	0.999	deleterious	0.03			993.0	SUCCESS	False	SARCL	True	True	True	Loss-of-function	19329485;10560660;28481359	Oncogenic				Capivasertib+Fulvestrant	GSK2636771,AZD8186			LEVEL_3B	LEVEL_3B		37256976;28645941;34281912;Hansen et al. Abstract# 2570, ASCO 2017.(http://ascopubs.org/doi/abs/10.1200/JCO.2017.35.15_suppl.2570)															False	P60484	Tc-R-P	Polymorphic toxin system, DSP-PTPase phosphatase	True			False	1.0	0.5340209521020179	urn:mavedb:00000013-a-1		p.Pro95Ser	13.0	a	1.0
BRCA1	672.0	DUKE	GRCh37	17	41256266	41256266	+	missense_variant	Missense_Mutation	SNP	T		C	rs28897673		GENIE-DUKE-P993-S1003								Unknown		Somatic							406.0	423.0			ENST00000357654.3:c.314A>G	p.Tyr105Cys	p.Y105C	ENST00000357654	NM_007294.3	105.0	tAt/tGt											PASS	benign	0.196	tolerated	0.06			829.0	SUCCESS	False	APAD	True	True	True	Neutral	23161852;23867111	Likely Neutral																										False	P38398			False			False	0.0	-0.1219618177438	urn:mavedb:00000081-a-2		p.Tyr105Cys	81.0	a	2.0
TP53	7157.0	DUKE	GRCh37	17	7578460	7578460	+	missense_variant	Missense_Mutation	SNP	A		T			GENIE-DUKE-P1083-S1096								Unknown		Somatic							809.0	162.0			ENST00000269305.4:c.470T>A	p.Val157Asp	p.V157D	ENST00000269305	NM_001126112.2	157.0	gTc/gAc											PASS	probably_damaging	1.0	deleterious	0.0			971.0	SUCCESS	False	LUSC	True	True	True	Loss-of-function	23981578	Oncogenic																						single residue	1.0404386176385798e-43	77.0	lung:36|ovary:9|head_neck:6|breast:5|brain:4|pancreas:4|bladder:3|bowel:3|liver:3|prostate:2|biliary_tract:1|stomach:1	True	P04637	P53	P53 DNA-binding domain	True	Region	Interaction with AXIN1;Interaction with CCAR2;Interaction with HIPK1;Required for interaction with FBXO42;Required for interaction with ZNF385A	True	6.0	1.3832824799711114	urn:mavedb:00000068-a-1		p.Val157Asp	68.0	a	1.0
PTEN	5728.0	DUKE	GRCh37	10	89692908	89692908	+	missense_variant	Missense_Mutation	SNP	C		T	rs397514560		GENIE-DUKE-P1435-S1458								Unknown		Somatic							645.0	86.0			ENST00000371953.3:c.392C>T	p.Thr131Ile	p.T131I	ENST00000371953	NM_000314.4	131.0	aCt/aTt											PASS	probably_damaging	0.999	deleterious	0.02			731.0	SUCCESS	False	ODG	True	True	True	Loss-of-function	32350270;32366478;21828076	Oncogenic				Capivasertib+Fulvestrant	GSK2636771,AZD8186			LEVEL_3B	LEVEL_3B		37256976;28645941;34281912;Hansen et al. Abstract# 2570, ASCO 2017.(http://ascopubs.org/doi/abs/10.1200/JCO.2017.35.15_suppl.2570)															False	P60484	Tc-R-P	Polymorphic toxin system, DSP-PTPase phosphatase	True			False	1.0	0.72384315974061	urn:mavedb:00000013-a-1		p.Thr131Ile	13.0	a	1.0
PTEN	5728.0	DUKE	GRCh37	10	89692886	89692886	+	missense_variant	Missense_Mutation	SNP	T		C	rs121909223		GENIE-DUKE-P1471-S1495								Unknown		Somatic							109.0	172.0			ENST00000371953.3:c.370T>C	p.Cys124Arg	p.C124R	ENST00000371953	NM_000314.4	124.0	Tgt/Cgt											PASS	probably_damaging	0.999	deleterious	0.0			281.0	SUCCESS	False	GNG	True	True	True	Loss-of-function	32350270;10866302;9467011;32366478;21828076	Oncogenic				Capivasertib+Fulvestrant	GSK2636771,AZD8186			LEVEL_3B	LEVEL_3B		37256976;28645941;34281912;Hansen et al. Abstract# 2570, ASCO 2017.(http://ascopubs.org/doi/abs/10.1200/JCO.2017.35.15_suppl.2570)											single residue	0.0003694601060036	8.0	breast:4|bowel:1|prostate:1|thyroid:1|uterus:1	True	P60484	Tc-R-P	Polymorphic toxin system, DSP-PTPase phosphatase	True	Active site	Phosphocysteine intermediate	True	1.0	0.280032695674395	urn:mavedb:00000013-a-1		p.Cys124Arg	13.0	a	1.0
TP53	7157.0	DUKE	GRCh37	17	7577578	7577578	+	missense_variant	Missense_Mutation	SNP	T		C			GENIE-DUKE-P1512-S1537								Unknown		Somatic							367.0	263.0			ENST00000269305.4:c.703A>G	p.Asn235Asp	p.N235D	ENST00000269305	NM_001126112.2	235.0	Aac/Gac											PASS	probably_damaging	0.941	deleterious	0.01			630.0	SUCCESS	False	ADNOS	True	True	True	Loss-of-function	25584008	Oncogenic																										False	P04637	P53	P53 DNA-binding domain	True	Region	Interaction with AXIN1;Interaction with CCAR2;Interaction with HIPK1;Required for interaction with FBXO42;Required for interaction with ZNF385A	True	1.0	1.2925656485465318	urn:mavedb:00000068-a-1		p.Asn235Asp	68.0	a	1.0
KRAS	3845.0	DUKE	GRCh37	12	25398218	25398218	+	missense_variant	Missense_Mutation	SNP	G		C	rs104894366		GENIE-DUKE-P2455-S2517								Unknown		Somatic							728.0	199.0			ENST00000256078.4:c.101C>G	p.Pro34Arg	p.P34R	ENST00000256078	NM_033360.2	34.0	cCa/cGa											PASS	probably_damaging	1.0	deleterious	0.0			927.0	SUCCESS	False	COAD	True	True	True	Gain-of-function	16474405;20949621;34117033	Oncogenic				Avutometinib+Defactinib	Trametinib,Cobimetinib,Binimetinib			LEVEL_R1	LEVEL_3B		20921465;21228335;20619739;24024839;18316791;30857956;40644648;33933896;25435214;24746704;23934108															False	P01116	Ras	Ras family	True	Binding site;Motif	Effector region	True	12.0	0.3774984	urn:mavedb:00000115-a-7		p.Pro34Arg	115.0	a	7.0
PTEN	5728.0	DUKE	GRCh37	10	89692886	89692886	+	missense_variant	Missense_Mutation	SNP	T		A			GENIE-DUKE-P2504-S2566								Unknown		Somatic							297.0	466.0			ENST00000371953.3:c.370T>A	p.Cys124Ser	p.C124S	ENST00000371953	NM_000314.4	124.0	Tgt/Agt											PASS	probably_damaging	0.998	deleterious	0.0			763.0	SUCCESS	False	PRAD	True	True	True	Loss-of-function	32350270;24766807;9811831;32366478	Oncogenic				Capivasertib+Fulvestrant	GSK2636771,AZD8186			LEVEL_3B	LEVEL_3B		37256976;28645941;34281912;Hansen et al. Abstract# 2570, ASCO 2017.(http://ascopubs.org/doi/abs/10.1200/JCO.2017.35.15_suppl.2570)											single residue	0.0003694601060036	8.0	breast:4|bowel:1|prostate:1|thyroid:1|uterus:1	True	P60484	Tc-R-P	Polymorphic toxin system, DSP-PTPase phosphatase	True	Active site	Phosphocysteine intermediate	True	1.0	1.13746760599211	urn:mavedb:00000013-a-1		p.Cys124Ser	13.0	a	1.0
TP53	7157.0	DUKE	GRCh37	17	7577063	7577063	+	missense_variant	Missense_Mutation	SNP	T		G			GENIE-DUKE-P2774-S2846								Unknown		Somatic							348.0	383.0			ENST00000269305.4:c.875A>C	p.Lys292Thr	p.K292T	ENST00000269305	NM_001126112.2	292.0	aAa/aCa											PASS	benign	0.023	tolerated	0.07			731.0	SUCCESS	False	BRCA	True	True	True	Likely Gain-of-function	15781620	Likely Neutral																										False	P04637			False	Region	Disordered;Interaction with AXIN1;Interaction with CCAR2;Interaction with E4F1;Interaction with HIPK1;Required for interaction with ZNF385A	True	0.0	0.3361666820322051	urn:mavedb:00000068-a-1		p.Lys292Thr	68.0	a	1.0
TP53	7157.0	DUKE	GRCh37	17	7577083	7577084	+	missense_variant	Missense_Mutation	DNP	CT		AA			GENIE-DUKE-P3067-S3145								Unknown		Somatic							1347.0	20.0			ENST00000269305.4:c.854_855delinsTT	p.Glu285Val	p.E285V	ENST00000269305	NM_001126112.2	285.0	gAG/gTT											PASS	probably_damaging	0.983	deleterious	0.0			1367.0	SUCCESS	False	BLCA	True	True	True	Loss-of-function	18762572;25584008	Oncogenic																						single residue	1.42429549670277e-26	99.0	bladder:33|lung:15|breast:10|stomach:8|skin:6|bowel:5|head_neck:5|unk:4|biliary_tract:3|cervix:2|prostate:2|adrenal_gland:1|bone:1|lymph:1|pleura:1|thyroid:1|uterus:1	True	P04637	P53	P53 DNA-binding domain	True	Region	Disordered;Interaction with AXIN1;Interaction with CCAR2;Interaction with E4F1;Interaction with HIPK1;Required for interaction with ZNF385A	True	5.0	1.7113374110689767	urn:mavedb:00000068-a-1		p.Glu285Val	68.0	a	1.0
PTEN	5728.0	DUKE	GRCh37	10	89692892	89692892	+	missense_variant	Missense_Mutation	SNP	G		T			GENIE-DUKE-P3144-S3226								Unknown		Somatic							742.0	70.0			ENST00000371953.3:c.376G>T	p.Ala126Ser	p.A126S	ENST00000371953	NM_000314.4	126.0	Gct/Tct											PASS	probably_damaging	0.998	deleterious	0.0			812.0	SUCCESS	False	PAMPCA	True	True	True	Loss-of-function	21828076	Oncogenic				Capivasertib+Fulvestrant	GSK2636771,AZD8186			LEVEL_3B	LEVEL_3B		37256976;28645941;34281912;Hansen et al. Abstract# 2570, ASCO 2017.(http://ascopubs.org/doi/abs/10.1200/JCO.2017.35.15_suppl.2570)											single residue	0.0003554224243965	11.0	breast:4|stomach:2|uterus:2|brain:1|soft_tissue:1|unk:1	True	P60484	Tc-R-P	Polymorphic toxin system, DSP-PTPase phosphatase	True			False	1.0	1.08663809349629	urn:mavedb:00000013-a-1		p.Ala126Ser	13.0	a	1.0
KRAS	3845.0	PROV	GRCh37	12	25398282	25398283	+	missense_variant	Missense_Mutation	DNP	CA	CA	AA	rs121913535		GENIE-PROV-00f13c19-focus-v1	NORMAL							Unknown		Somatic							1493.0	534.0			ENST00000256078.4:c.37delinsT	p.Gly13Cys	p.G13C	ENST00000256078	NM_033360.2	12.0	ggTGgc/ggTTgc											PASS							2038.0	SUCCESS	False	LUAD	True	True	True	Gain-of-function	28572459;21079152;25705018	Oncogenic				Avutometinib+Defactinib	Trametinib,Cobimetinib,Binimetinib			LEVEL_3B	LEVEL_3B		40644648;33933896;25435214;24746704;23934108											single residue	0.0	264.0	bowel:130|lung:57|stomach:17|blood:12|uterus:12|pancreas:7|unk:5|biliary_tract:4|cervix:4|bladder:3|lymph:3|skin:2|soft_tissue:2|ampulla_of_vater:1|brain:1|breast:1|liver:1|ovary:1|testis:1	True	P01116	Ras	Ras family	True	Binding site		True	0.0	0.3084031	urn:mavedb:00000115-a-7		p.Gly13Cys	115.0	a	7.0
KRAS	3845.0	PROV	GRCh37	12	25398281	25398282	+	missense_variant	Missense_Mutation	DNP	CC	CC	AC	rs112445441		GENIE-PROV-0d119560-focus-v1	NORMAL							Unknown		Somatic							943.0	0.0			ENST00000256078.4:c.38delinsT	p.Gly13Val	p.G13V	ENST00000256078	NM_033360.2	13.0	GGc/GTc											PASS	probably_damaging	0.98	deleterious	0.02			943.0	SUCCESS	False	LUAD	True	True	True	Gain-of-function	26619011;32929330	Oncogenic				Avutometinib+Defactinib	Trametinib,Cobimetinib,Binimetinib			LEVEL_3B	LEVEL_3B		40644648;33933896;25435214;24746704;23934108											single residue	0.0	264.0	bowel:130|lung:57|stomach:17|blood:12|uterus:12|pancreas:7|unk:5|biliary_tract:4|cervix:4|bladder:3|lymph:3|skin:2|soft_tissue:2|ampulla_of_vater:1|brain:1|breast:1|liver:1|ovary:1|testis:1	True	P01116	Ras	Ras family	True	Binding site		True	1.0	0.5345003	urn:mavedb:00000115-a-7		p.Gly13Val	115.0	a	7.0
KRAS	3845.0	PROV	GRCh37	12	25398280	25398282	+	missense_variant	Missense_Mutation	TNP	GCC	GCC	AAC			GENIE-PROV-2de865bf-focus-v1	NORMAL							Unknown		Somatic							2040.0	0.0			ENST00000256078.4:c.38_39delinsTT	p.Gly13Val	p.G13V	ENST00000256078	NM_033360.2	13.0	GGC/GTT											PASS	probably_damaging	0.98	deleterious	0.02			2040.0	SUCCESS	False	PTHC	True	True	True	Gain-of-function	26619011;32929330	Oncogenic				Avutometinib+Defactinib	Trametinib,Cobimetinib,Binimetinib			LEVEL_3B	LEVEL_3B		40644648;33933896;25435214;24746704;23934108											single residue	0.0	264.0	bowel:130|lung:57|stomach:17|blood:12|uterus:12|pancreas:7|unk:5|biliary_tract:4|cervix:4|bladder:3|lymph:3|skin:2|soft_tissue:2|ampulla_of_vater:1|brain:1|breast:1|liver:1|ovary:1|testis:1	True	P01116	Ras	Ras family	True	Binding site		True	1.0	0.5345003	urn:mavedb:00000115-a-7		p.Gly13Val	115.0	a	7.0
KRAS	3845.0	PROV	GRCh37	12	25398285	25398286	+	missense_variant	Missense_Mutation	DNP	CA	CA	TG			GENIE-PROV-4d356d13-TST170-V1	NORMAL							Unknown		Somatic							2420.0	235.0			ENST00000256078.4:c.33_34inv	p.Gly12Ser	p.G12S	ENST00000256078	NM_033360.2	11.0	gcTGgt/gcCAgt											PASS							2655.0	SUCCESS	False	COADREAD	True	True	True	Gain-of-function	28572459;25284075;26184075	Oncogenic				Avutometinib+Defactinib	Daraxonrasib,Trametinib,Cobimetinib,Binimetinib			LEVEL_R1	LEVEL_3B		20921465;21228335;20619739;24024839;18316791;30857956;40644648;Koltun et al. Abstract# 3597, AACR 2022.(https://aacrjournals.org/cancerres/article/82/12_Supplement/3597/702320);Singh et al. Abstract  # 3597, AACR 2022.(https://s3.us-west-2.amazonaws.com/rvmdpubs.revmed.com/2022/AACR_2022_Singh.pdf);33933896;25435214;24746704;23934108											single residue	0.0	2175.0	pancreas:745|lung:570|bowel:500|uterus:84|unk:42|stomach:40|bladder:36|ovary:25|biliary_tract:21|testis:19|breast:15|cervix:15|blood:13|ampulla_of_vater:10|soft_tissue:8|brain:6|kidney:5|prostate:4|skin:4|head_neck:3|thyroid:3|lymph:2|thymus:2|bone:1|liver:1|vulva:1	True	P01116	Ras	Ras family	True	Binding site		True	0.0	0.39532286	urn:mavedb:00000115-a-7		p.Gly12Ser	115.0	a	7.0
PTEN	5728.0	UMIAMI	GRCh37	10	89725058	89725058	+	missense_variant	Missense_Mutation	SNP	C	C	A			GENIE-UMIAMI-151-CA-01	NORMAL							Unknown		Somatic							282.0	3.0			ENST00000371953.3:c.1041C>A	p.Phe347Leu	p.F347L	ENST00000371953	NM_000314.4	347.0	ttC/ttA											PASS	probably_damaging	0.992	tolerated	0.13			285.0	SUCCESS	False	LMS	True	True	True	Loss-of-function	21828076;10866302	Oncogenic				Capivasertib+Fulvestrant	GSK2636771,AZD8186			LEVEL_3B	LEVEL_3B		37256976;28645941;34281912;Hansen et al. Abstract# 2570, ASCO 2017.(http://ascopubs.org/doi/abs/10.1200/JCO.2017.35.15_suppl.2570)															False	P60484	PTEN_C2	C2 domain of PTEN tumour-suppressor protein	True	Region	Required for interaction with NOP53	True	2.0	0.6069293073563979	urn:mavedb:00000013-a-1		p.Phe347Leu	13.0	a	1.0
